,family,steel,carbon,hardness,temper_rolling,condition,formability,strength,non-ageing,surface-quality,bf,bt,bw/me,bl,cbond,ferro,blue/bright/varn/clean,shape,thick,width,len,bore,recozimento
0,?,A,8,0,?,S,?,0,?,G,?,?,?,?,?,?,?,COIL,0.7,610.0,0.0,0,ruim
1,?,R,0,0,?,S,2.0,0,?,E,Y,?,B,?,?,?,?,SHEET,0.7,1300.0,762.0,0,ruim
2,?,A,0,60,T,?,?,0,?,G,?,?,M,?,?,?,?,COIL,2.801,385.1,0.0,0,ideal
3,?,A,0,60,T,?,?,0,?,G,?,?,B,Y,Y,?,?,SHEET,0.801,255.0,269.0,0,ideal
4,?,A,0,45,?,S,?,0,?,D,?,?,?,?,?,?,?,COIL,1.6,610.0,0.0,0,mediano
5,?,R,0,0,?,S,2.0,0,?,E,?,?,?,Y,?,?,?,SHEET,0.699,610.0,4880.0,0,ruim
6,?,A,0,0,?,S,2.0,0,?,E,?,?,?,?,?,?,?,COIL,3.3,152.0,0.0,0,ruim
7,?,R,0,0,?,S,2.0,0,?,E,?,?,?,?,?,?,?,COIL,0.699,1320.0,0.0,0,mediano
8,?,A,0,0,?,S,3.0,0,N,E,?,?,?,?,?,?,?,SHEET,1.0,1320.0,762.0,0,ruim
9,?,R,0,0,?,S,2.0,0,?,E,?,?,?,?,?,?,?,COIL,1.2,610.0,0.0,0,ruim
10,?,R,0,0,?,S,2.0,0,?,E,?,?,?,Y,?,?,?,SHEET,0.3,1320.0,4880.0,0,ruim
11,?,R,0,0,?,S,2.0,0,?,E,?,?,B,Y,Y,?,?,SHEET,1.2,610.0,150.0,0,ruim
12,?,A,0,45,?,S,?,0,?,D,?,?,?,?,?,?,?,COIL,1.2,609.9,0.0,0,ruim
13,?,A,0,0,?,S,2.0,0,?,F,Y,?,?,?,?,?,?,SHEET,0.6,1220.0,761.0,0,mediano
14,?,A,0,0,?,S,2.0,0,?,E,?,?,?,?,?,?,?,SHEET,4.0,1320.0,762.0,0,ruim
15,?,A,0,80,T,?,?,0,?,G,?,?,?,?,?,?,?,SHEET,0.8,610.0,4170.0,0,ideal
16,?,A,0,0,?,S,2.0,0,?,E,?,?,?,?,?,?,?,SHEET,3.2,1320.1,762.0,0,ruim
17,?,A,0,70,T,?,?,0,?,G,?,?,?,?,?,?,?,COIL,0.501,1200.1,0.0,0,ideal
18,?,A,0,0,?,S,2.0,0,?,F,Y,?,?,Y,?,?,?,SHEET,0.6,610.0,761.0,0,ruim
19,?,K,55,0,?,?,?,0,?,?,?,?,?,?,?,?,?,COIL,0.8,610.0,0.0,0,mediano
20,?,S,70,0,?,?,?,0,?,?,?,?,?,?,?,?,?,COIL,3.2,609.9,0.0,0,mediano
21,?,A,3,0,T,?,?,0,?,?,Y,?,?,?,?,?,?,COIL,0.5,610.0,0.0,0,ideal
22,?,?,0,50,T,?,?,0,?,G,?,Y,?,?,?,?,?,COIL,3.2,1320.0,0.0,0,ideal
23,?,A,0,60,T,?,?,0,?,G,?,?,B,Y,Y,?,?,SHEET,0.8,356.0,4880.0,0,ideal
24,?,K,55,0,?,?,?,0,?,?,?,?,?,?,?,?,?,COIL,0.8,900.0,0.0,0,mediano
25,?,W,0,0,?,?,?,310,?,G,?,?,?,?,?,?,?,COIL,1.6,610.0,0.0,500,mediano
26,TN,A,0,0,?,?,3.0,0,N,?,?,?,B,?,?,Y,?,SHEET,0.6,610.0,4880.0,0,mediano
27,?,?,0,45,?,S,?,0,?,E,?,?,?,?,Y,?,?,SHEET,1.4,1320.0,4170.0,0,mediano
28,?,A,0,45,?,S,?,0,?,D,?,?,B,?,?,?,?,SHEET,0.699,1320.0,762.0,0,ruim
29,?,A,0,85,T,?,?,0,?,G,?,?,?,?,?,?,?,COIL,4.0,450.0,0.0,0,ideal
30,?,A,0,0,?,S,3.0,0,N,F,?,?,?,?,?,?,?,SHEET,0.75,1320.0,4880.0,0,mediano
31,TN,A,0,0,?,?,3.0,0,N,?,?,?,B,?,?,?,?,COIL,1.6,1220.0,0.0,0,ideal
32,?,M,0,0,?,?,?,350,?,G,?,Y,?,?,?,?,?,COIL,1.399,1320.0,0.0,0,ideal
33,?,A,0,50,T,?,?,0,?,G,?,Y,?,?,?,?,?,COIL,0.6,1320.0,0.0,0,ideal
34,?,R,0,0,?,S,2.0,0,?,E,?,?,?,?,?,?,?,COIL,0.651,20.0,0.0,0,ruim
35,?,R,0,0,?,S,2.0,0,?,E,?,?,?,?,?,?,?,SHEET,1.6,374.9,4880.0,0,ruim
36,ZS,A,0,0,?,S,3.0,0,N,E,?,?,?,?,?,?,?,COIL,1.6,50.0,0.0,0,ruim
37,?,R,0,0,?,S,2.0,0,?,E,Y,?,?,Y,?,?,?,SHEET,0.699,1320.0,4880.0,0,ruim
38,ZS,A,0,50,T,?,?,0,?,E,?,?,?,?,?,?,?,COIL,0.7,610.0,0.0,0,ideal
39,TN,A,0,0,?,?,3.0,0,N,?,?,?,?,?,?,Y,?,COIL,0.799,20.0,0.0,0,ideal
40,?,A,0,0,?,S,2.0,0,?,F,Y,?,?,?,?,?,?,SHEET,0.6,610.0,301.0,0,ruim
41,?,R,0,0,?,S,3.0,0,?,E,?,?,?,?,?,?,?,SHEET,0.601,610.0,4880.0,0,ruim
42,?,A,0,45,?,S,?,0,?,D,?,?,?,Y,?,?,?,SHEET,0.7,1320.0,4880.0,0,ruim
43,?,W,0,0,?,?,?,310,?,G,?,?,B,?,?,?,?,COIL,2.5,1274.9,0.0,500,mediano
44,?,A,0,0,?,S,2.0,0,?,G,?,?,?,?,?,?,?,SHEET,0.699,1320.0,4880.0,0,ruim
45,?,A,0,0,?,S,2.0,0,?,E,?,?,B,Y,?,?,?,SHEET,0.7,609.9,762.0,0,ruim
46,?,?,0,0,?,S,1.0,0,?,G,?,?,?,?,?,?,?,SHEET,0.3,1320.0,761.0,0,ruim
47,?,A,0,45,?,S,?,0,?,D,?,?,?,?,?,?,?,SHEET,0.599,150.0,4880.0,0,ruim
48,?,A,0,0,?,S,2.0,0,?,E,?,Y,?,?,?,?,?,COIL,0.7,1320.0,0.0,0,ruim
49,?,R,0,0,?,S,2.0,0,?,E,?,?,?,?,?,?,?,SHEET,0.7,374.9,4880.0,0,mediano
50,?,?,0,0,?,A,2.0,0,?,G,?,?,?,?,?,?,?,SHEET,0.301,610.0,762.0,0,ruim
51,?,A,0,0,?,?,?,500,?,G,?,?,?,?,?,?,?,COIL,1.6,1320.0,0.0,0,ideal
52,?,A,0,0,?,S,2.0,0,?,G,?,Y,?,?,?,?,?,SHEET,3.2,1300.0,762.0,0,ruim
53,ZS,A,0,0,?,S,5.0,0,N,E,?,?,?,?,?,?,?,SHEET,1.2,610.0,762.0,0,ruim
54,ZS,A,0,0,?,S,5.0,0,N,E,?,?,?,?,?,?,?,SHEET,1.2,610.0,4880.0,0,mediano
55,?,A,0,0,?,S,3.0,0,N,F,?,?,B,Y,Y,?,?,SHEET,0.6,1220.0,762.0,0,ruim
56,?,A,0,45,?,S,?,0,?,D,?,?,?,?,?,?,?,COIL,0.301,610.0,0.0,0,ruim
57,ZS,A,0,85,T,?,?,0,?,E,?,Y,?,?,?,?,?,SHEET,1.0,610.0,762.0,0,ideal
58,?,?,0,0,?,S,1.0,0,?,G,?,?,B,Y,?,?,?,SHEET,0.301,515.0,610.0,0,mediano
59,TN,A,0,0,?,?,3.0,0,N,?,?,?,?,?,?,?,?,SHEET,1.2,335.0,611.0,0,ideal
60,?,R,0,0,?,S,3.0,0,?,?,?,?,?,?,?,?,?,SHEET,0.8,1320.0,762.0,0,ruim
61,TN,A,0,0,?,?,3.0,0,N,?,?,?,?,?,?,?,?,COIL,0.6,250.0,0.0,0,ideal
62,?,A,0,70,T,?,?,0,?,G,?,?,?,?,?,?,?,COIL,0.801,610.0,0.0,600,mediano
63,?,R,0,0,?,S,2.0,0,?,E,?,Y,M,?,?,?,?,COIL,3.5,610.0,0.0,600,mediano
64,?,?,0,0,?,S,1.0,0,?,G,?,?,?,?,?,?,?,SHEET,0.699,610.0,762.0,0,ruim
65,?,R,0,0,?,S,2.0,0,?,E,?,?,B,?,?,?,?,COIL,0.799,1300.0,0.0,0,ruim
66,?,A,4,0,T,?,?,0,?,G,?,?,?,?,?,?,?,COIL,0.5,1130.0,0.0,0,ideal
67,?,?,0,0,?,?,?,500,?,?,?,?,?,?,?,?,?,SHEET,1.6,609.9,4880.0,0,ideal
68,?,A,0,0,?,S,3.0,0,N,G,?,?,?,?,?,?,?,COIL,0.601,1320.0,0.0,0,mediano
69,ZS,A,0,70,T,?,?,0,?,E,?,?,?,?,?,?,?,COIL,2.0,1250.0,0.0,0,ideal
70,?,R,0,0,?,S,2.0,0,?,E,Y,?,?,?,?,?,?,SHEET,3.2,1320.0,4880.0,0,ruim
71,?,A,0,45,?,S,?,0,?,E,?,?,?,?,Y,?,?,COIL,0.7,610.0,0.0,0,ruim
72,?,A,0,0,?,S,2.0,0,?,F,Y,?,?,?,?,?,?,SHEET,0.6,610.0,762.0,0,ruim
73,?,V,0,0,?,S,2.0,0,?,?,?,?,?,?,?,?,?,SHEET,1.599,610.0,1.0,0,ruim
74,?,A,0,50,T,?,?,0,?,G,?,?,?,?,?,?,?,COIL,0.8,609.9,0.0,0,ideal
75,ZS,R,0,0,?,S,3.0,0,?,E,?,?,?,?,?,?,?,SHEET,1.6,610.0,4880.0,0,ruim
76,?,K,45,0,?,?,?,0,?,?,?,Y,M,?,?,?,?,COIL,3.2,640.0,0.0,600,mediano
77,?,R,0,0,?,S,3.0,0,?,?,?,?,B,?,?,?,?,SHEET,0.8,1320.0,4880.0,0,ruim
78,?,A,0,0,?,S,2.0,0,?,E,?,?,?,?,Y,?,?,COIL,1.6,610.0,0.0,0,ruim
79,?,M,0,0,?,?,?,600,?,G,?,Y,?,?,?,?,?,COIL,1.6,1090.0,0.0,0,ideal
80,TN,?,0,0,?,A,1.0,0,?,?,?,?,?,?,?,?,?,COIL,0.5,610.0,0.0,0,ruim
81,?,A,10,0,?,?,?,0,?,E,?,?,?,?,?,?,?,COIL,1.201,1320.0,0.0,0,ruim
82,?,?,0,0,?,S,1.0,0,?,G,?,?,?,?,?,?,?,SHEET,0.3,610.0,762.0,0,ruim
83,?,A,0,0,?,S,2.0,0,?,E,?,?,?,Y,?,?,?,SHEET,0.7,610.0,4880.0,0,ruim
84,?,K,55,0,?,?,?,0,?,?,?,Y,M,?,?,?,?,COIL,1.5,640.0,0.0,0,mediano
85,?,A,0,45,?,S,?,0,?,D,?,?,?,?,?,?,?,SHEET,0.599,609.9,4880.0,0,ruim
86,?,R,0,0,?,S,3.0,0,?,?,?,?,B,Y,?,?,?,SHEET,0.8,610.0,762.0,0,ruim
87,TN,A,0,0,?,?,3.0,0,N,?,?,?,?,?,?,Y,?,SHEET,1.6,610.0,761.0,0,mediano
88,TN,A,0,0,?,?,3.0,0,N,?,?,?,B,?,?,?,?,COIL,0.6,610.0,0.0,0,ideal
89,?,R,0,0,?,S,2.0,0,?,?,?,?,?,Y,?,?,?,SHEET,1.599,610.0,4880.0,0,ruim
90,?,R,0,0,?,S,2.0,0,?,?,?,?,B,Y,?,?,?,SHEET,2.0,610.0,612.0,0,ruim
91,?,R,0,0,?,?,?,500,?,?,?,?,?,?,?,?,?,SHEET,1.0,610.0,4880.0,0,mediano
92,?,A,0,0,?,S,2.0,0,?,F,?,?,?,?,?,?,?,SHEET,0.999,610.0,762.0,0,ruim
93,?,A,0,0,?,S,2.0,0,?,F,Y,?,B,Y,?,?,?,SHEET,0.699,610.0,761.0,0,mediano
94,?,A,0,45,?,S,?,0,?,D,?,?,?,Y,?,?,?,SHEET,0.7,610.0,762.0,0,ruim
95,?,A,0,45,?,S,?,0,?,D,?,?,B,?,?,?,?,COIL,1.6,610.0,0.0,0,ruim
96,TN,A,0,0,?,?,3.0,0,N,?,?,?,?,?,?,?,?,SHEET,0.5,1220.0,4880.0,0,ruim
97,?,R,0,0,?,S,2.0,0,?,E,Y,?,B,?,?,?,?,SHEET,0.7,1300.0,4880.0,0,ruim
98,?,A,0,0,?,S,2.0,0,?,E,?,?,B,?,?,?,?,SHEET,0.7,609.9,762.0,0,ruim
99,?,?,0,0,T,S,2.0,0,?,?,?,?,?,?,?,?,?,COIL,0.7,1320.0,0.0,0,ruim
100,?,A,0,70,T,?,?,0,?,G,?,?,B,?,?,?,?,COIL,0.8,50.0,0.0,0,ideal
101,TN,A,0,0,?,?,3.0,0,N,?,?,?,?,?,?,?,?,SHEET,0.6,1220.0,761.0,0,ideal
102,?,R,0,0,?,S,2.0,0,?,E,Y,?,?,?,?,?,?,SHEET,0.699,610.0,4880.0,0,ruim
103,?,R,0,0,?,?,?,500,?,?,?,?,?,?,?,?,?,SHEET,1.0,1100.0,762.0,0,ideal
104,?,M,0,0,?,?,?,600,?,G,?,?,?,?,?,?,?,COIL,1.6,1090.0,0.0,0,ideal
105,?,A,0,85,T,?,?,0,?,G,?,?,?,?,?,?,?,COIL,3.2,610.0,0.0,0,ideal
106,?,A,0,45,?,S,?,0,?,D,?,?,?,?,?,?,?,SHEET,0.599,520.0,4880.0,0,ruim
107,ZS,R,0,0,?,A,2.0,0,?,G,?,?,?,?,?,?,?,COIL,0.25,20.0,0.0,0,ruim
108,?,S,0,0,?,?,?,400,?,?,?,?,?,?,?,?,V,COIL,0.8,75.0,0.0,0,ideal
109,?,A,0,0,?,S,2.0,0,?,G,?,Y,?,?,?,?,?,SHEET,0.7,1300.0,4880.0,0,ruim
110,?,A,0,45,?,S,?,0,?,D,?,?,B,?,?,?,?,COIL,0.699,1320.0,0.0,0,ruim
111,?,A,4,0,T,?,?,0,?,G,?,?,?,?,?,?,?,COIL,1.0,1130.0,0.0,0,ideal
112,?,?,0,50,T,?,?,0,?,G,?,?,?,?,?,?,?,COIL,0.451,1320.0,0.0,0,ideal
113,TN,A,0,0,?,?,3.0,0,N,?,?,?,?,?,?,Y,?,COIL,1.6,1220.0,0.0,0,ideal
114,?,W,0,0,?,?,?,310,?,G,?,?,?,?,?,?,?,COIL,1.599,1275.0,0.0,0,ideal
115,TN,A,0,0,?,?,3.0,0,N,?,?,?,?,?,?,?,?,SHEET,1.6,610.0,4880.0,0,ideal
116,?,R,0,0,?,S,3.0,0,?,?,?,?,?,?,?,?,?,COIL,1.599,610.0,0.0,0,ruim
117,?,R,0,0,?,S,2.0,0,?,?,?,?,B,Y,?,?,?,SHEET,2.0,610.0,4170.0,0,ruim
118,?,R,0,0,?,S,2.0,0,?,E,?,?,?,?,?,?,?,COIL,1.2,1220.0,0.0,0,ruim
119,?,R,0,0,?,S,2.0,0,?,?,?,?,B,Y,?,?,?,SHEET,1.599,1300.0,762.0,0,ruim
120,?,V,0,0,?,S,2.0,0,?,?,?,?,?,?,?,?,?,COIL,1.201,1525.0,0.0,0,ruim
121,?,K,55,0,?,?,?,0,?,?,?,Y,?,?,?,?,?,COIL,1.1,900.0,0.0,0,mediano
122,?,R,0,0,?,S,3.0,0,?,?,?,?,?,?,?,?,?,SHEET,2.0,1525.0,612.0,0,ruim
123,?,A,0,0,?,S,2.0,0,?,E,?,?,M,?,?,?,?,COIL,3.5,610.0,0.0,600,mediano
124,?,A,0,50,T,?,?,0,?,G,?,Y,?,?,?,?,?,COIL,0.6,610.0,0.0,0,ideal
125,?,W,0,0,?,?,?,310,?,G,Y,?,?,?,?,?,?,SHEET,2.5,610.0,4880.0,0,ideal
126,?,A,0,60,T,?,?,0,?,G,?,?,?,?,?,?,?,COIL,0.6,50.0,0.0,0,ideal
127,?,A,0,45,?,S,?,0,?,D,?,?,?,?,?,?,?,SHEET,0.699,1320.0,760.0,0,mediano
128,?,R,0,0,?,A,3.0,0,?,G,?,?,?,?,Y,?,?,COIL,0.4,58.0,0.0,0,mediano
129,?,R,0,0,?,S,2.0,0,?,E,?,?,B,?,?,?,?,COIL,3.2,609.9,0.0,0,ruim
130,?,?,0,0,?,A,2.0,0,?,G,?,?,?,?,?,?,?,COIL,0.7,1320.0,0.0,0,mediano
131,ZS,A,0,50,T,?,?,0,?,E,Y,?,?,?,?,?,?,COIL,1.6,1250.0,0.0,0,mediano
132,?,R,0,0,?,S,3.0,0,?,?,?,?,?,?,?,?,?,SHEET,1.601,830.0,881.0,0,ruim
133,?,M,0,0,?,?,?,350,?,G,?,Y,?,?,?,?,?,COIL,0.9,1320.0,0.0,0,ideal
134,?,V,0,0,?,S,2.0,0,?,?,?,?,?,?,?,?,?,COIL,2.0,1525.0,0.0,0,ruim
135,?,A,0,0,?,S,2.0,0,?,F,Y,?,B,?,?,?,?,SHEET,0.699,520.0,762.0,0,ruim
136,?,A,0,60,T,?,?,0,?,G,?,?,?,?,Y,?,?,COIL,0.8,710.1,0.0,0,mediano
137,ZS,A,0,50,T,?,?,0,?,E,?,?,?,?,?,?,?,COIL,0.6,610.0,0.0,0,ideal
138,?,R,0,0,?,?,?,500,?,?,?,Y,?,?,?,?,?,COIL,1.6,1320.0,0.0,0,ideal
139,?,A,0,0,?,S,2.0,0,?,E,?,?,B,Y,?,?,?,SHEET,1.6,1320.0,1000.0,0,ruim
140,?,A,0,0,?,S,2.0,0,?,G,?,?,B,Y,?,?,?,SHEET,0.7,610.0,4880.0,0,ruim
141,?,A,0,45,?,S,?,0,?,D,?,?,?,?,?,?,?,COIL,0.699,1320.0,0.0,0,ruim
142,?,A,0,85,T,?,?,0,?,G,?,?,M,?,?,?,?,COIL,3.201,1000.0,0.0,600,mediano
143,TN,A,0,0,?,?,3.0,0,N,?,?,?,B,?,?,Y,?,SHEET,0.6,1220.0,4880.0,0,mediano
144,ZS,A,0,0,?,S,3.0,0,N,E,?,?,?,?,?,?,?,COIL,1.0,75.0,0.0,0,ruim
145,TN,?,0,0,?,A,1.0,0,?,?,?,?,?,?,?,?,?,COIL,1.6,1220.0,0.0,0,ruim
146,?,A,0,0,?,S,2.0,0,?,E,?,?,B,?,?,?,?,COIL,3.2,609.9,0.0,0,ruim
147,?,R,0,0,?,S,2.0,0,?,E,?,?,?,?,?,?,?,COIL,0.7,1320.0,0.0,0,ruim
148,?,A,0,70,T,?,?,0,?,G,?,?,B,?,?,?,?,COIL,2.5,609.9,0.0,0,ideal
149,?,A,0,0,?,S,2.0,0,?,F,Y,?,B,Y,?,?,?,SHEET,0.699,609.9,0.0,0,ruim
150,?,R,0,0,?,S,2.0,0,?,E,?,?,B,Y,?,?,?,SHEET,3.2,610.0,1000.0,0,ruim
151,?,R,0,0,?,S,2.0,0,?,E,?,?,?,?,?,?,?,COIL,0.9,966.1,0.0,0,ruim
152,?,A,0,0,?,S,3.0,0,N,E,?,Y,?,?,?,?,?,COIL,1.001,610.0,0.0,0,ruim
153,?,R,0,0,?,S,3.0,0,?,E,?,?,?,?,?,?,?,SHEET,0.601,375.0,612.0,0,ruim
154,TN,A,0,0,?,?,3.0,0,N,?,?,?,?,?,?,?,?,COIL,0.8,50.0,0.0,0,ideal
155,?,K,45,0,?,?,?,0,?,?,?,?,?,?,?,?,?,COIL,0.6,610.0,0.0,0,mediano
156,TN,A,0,0,?,?,3.0,0,N,?,?,?,?,?,?,?,?,SHEET,0.6,610.0,4880.0,0,ruim
157,?,R,0,0,?,S,2.0,0,?,?,?,?,?,?,?,?,?,COIL,1.6,50.0,0.0,0,ruim
158,?,A,0,0,?,S,2.0,0,?,G,?,?,?,?,?,?,?,SHEET,1.2,335.0,4170.0,0,mediano
159,?,R,0,0,?,S,2.0,0,?,E,?,?,?,?,?,?,?,COIL,0.7,610.0,0.0,0,ruim
160,?,V,0,0,?,S,2.0,0,?,?,?,?,?,?,?,?,?,SHEET,0.8,1320.0,1.0,0,ruim
161,?,A,0,85,T,?,?,0,?,G,?,?,?,?,?,?,?,COIL,3.2,609.9,0.0,0,ideal
162,TN,A,0,0,?,?,3.0,0,N,?,?,?,?,?,?,Y,?,COIL,1.6,50.0,0.0,0,mediano
163,?,A,0,0,?,S,2.0,0,?,E,Y,?,?,?,?,?,?,SHEET,0.699,610.0,4880.0,0,ruim
164,?,A,0,0,?,S,2.0,0,?,E,Y,?,B,Y,?,?,?,SHEET,1.599,1300.0,4880.0,0,ruim
165,?,A,0,0,?,S,2.0,0,?,E,Y,?,?,?,?,?,?,SHEET,0.7,610.0,4880.0,0,ruim
166,?,A,0,0,?,S,3.0,0,N,E,?,?,?,?,?,?,?,COIL,0.6,1320.0,0.0,0,ruim
167,?,?,0,0,?,A,2.0,0,?,G,?,?,?,?,?,?,?,SHEET,0.301,610.0,4880.0,0,ruim
168,?,A,0,0,?,S,2.0,0,?,F,Y,?,B,Y,?,?,?,SHEET,0.6,1220.0,762.0,0,ruim
169,ZS,R,0,0,?,?,?,300,?,?,?,?,?,?,?,?,?,COIL,0.8,915.1,0.0,0,ideal
170,?,A,0,85,T,?,?,0,?,G,?,?,M,?,?,?,?,COIL,4.0,1000.0,0.0,600,mediano
171,TN,A,0,0,?,?,3.0,0,N,?,?,?,?,?,?,?,?,SHEET,1.2,335.0,612.0,0,ideal
172,?,A,0,0,?,S,2.0,0,?,F,Y,?,?,Y,?,?,?,SHEET,0.6,520.0,4880.0,0,ruim
173,?,A,0,0,?,S,2.0,0,?,E,Y,?,?,?,?,?,?,COIL,1.6,1320.0,0.0,0,mediano
174,?,R,0,0,?,S,2.0,0,?,E,?,?,?,?,?,?,?,COIL,3.2,1320.0,0.0,0,ruim
175,?,A,0,0,?,S,2.0,0,?,E,Y,?,?,?,?,?,?,SHEET,0.3,610.0,4880.0,0,mediano
176,?,A,0,0,?,S,2.0,0,?,F,Y,?,B,?,?,?,?,SHEET,0.6,610.0,4880.0,0,ruim
177,?,A,0,0,?,S,2.0,0,?,F,Y,?,?,Y,?,?,?,SHEET,0.699,520.0,4880.0,0,ruim
178,?,A,0,45,?,S,?,0,?,D,?,?,B,Y,?,?,?,SHEET,0.3,610.0,762.0,0,ruim
179,?,R,0,0,?,S,2.0,0,?,E,Y,?,?,?,?,?,?,COIL,0.699,610.0,0.0,0,mediano
180,?,R,0,0,?,S,2.0,0,?,E,?,?,?,?,?,?,?,SHEET,3.2,610.0,762.0,0,ruim
181,ZS,A,0,50,T,?,?,0,?,E,?,?,?,?,?,?,?,COIL,0.6,1250.0,0.0,0,mediano
182,?,A,0,0,?,S,2.0,0,?,E,Y,?,?,?,?,?,?,COIL,1.6,1320.0,0.0,0,ruim
183,?,A,0,0,?,S,2.0,0,?,E,?,?,?,?,?,?,?,SHEET,0.3,1320.0,762.0,0,mediano
184,?,R,0,0,?,S,2.0,0,?,E,?,?,?,?,?,?,?,SHEET,0.699,610.0,762.0,0,ruim
185,?,R,0,0,?,S,2.0,0,?,E,?,?,?,?,?,?,?,COIL,0.901,966.1,0.0,0,ruim
186,?,R,0,0,?,S,2.0,0,?,E,?,?,B,Y,?,?,?,SHEET,0.3,595.0,4880.0,0,ruim
187,?,A,0,0,?,S,2.0,0,?,F,Y,?,B,Y,?,?,?,SHEET,0.6,1220.0,4880.0,0,ruim
188,?,A,0,0,?,S,2.0,0,?,F,Y,?,?,Y,?,?,?,SHEET,0.699,609.9,4880.0,0,ruim
189,?,S,70,0,?,?,?,0,?,?,?,?,M,?,?,?,?,SHEET,2.0,1000.0,4880.0,0,mediano
190,?,A,0,0,?,S,3.0,0,N,E,?,?,?,?,?,?,?,SHEET,1.0,610.0,4880.0,0,ruim
191,?,?,0,0,?,S,1.0,0,?,G,?,?,?,?,?,?,?,COIL,3.2,60.0,0.0,0,ruim
192,?,K,55,0,?,?,?,0,?,?,?,?,?,?,?,?,?,COIL,1.0,900.0,0.0,0,mediano
193,?,A,0,45,?,S,?,0,?,D,?,?,?,?,?,?,?,COIL,0.7,1320.0,0.0,0,mediano
194,?,R,0,0,?,S,2.0,0,?,E,Y,?,?,?,?,?,?,COIL,1.6,1320.0,0.0,0,mediano
195,?,A,0,45,?,S,?,0,?,D,?,?,?,?,?,?,?,SHEET,1.6,610.0,762.0,0,ruim
196,?,R,0,0,?,S,2.0,0,?,?,?,Y,?,?,?,?,?,SHEET,0.8,1300.0,762.0,0,ruim
197,?,?,0,0,?,A,2.0,0,?,G,?,?,?,?,?,?,?,SHEET,0.301,1320.0,4880.0,0,ruim
198,?,A,0,50,T,?,?,0,?,G,?,Y,?,?,?,?,?,COIL,0.601,610.0,0.0,0,ideal
199,?,R,0,0,?,S,2.0,0,?,E,?,?,?,?,?,?,?,SHEET,3.2,1320.0,762.0,0,ruim
200,?,M,0,0,?,?,?,600,?,G,?,Y,?,?,?,?,?,COIL,1.3,1090.0,0.0,0,ideal
201,?,A,0,0,?,S,2.0,0,?,F,?,?,?,?,?,?,?,SHEET,0.699,520.0,4880.0,0,ruim
202,?,M,0,0,?,?,?,600,?,G,?,Y,?,?,?,?,?,SHEET,0.9,610.0,1220.0,0,ideal
203,?,R,0,0,?,S,2.0,0,?,E,?,Y,?,?,?,?,?,SHEET,3.2,1300.0,762.0,0,ruim
204,?,M,0,0,?,?,?,350,?,G,?,?,?,?,?,?,?,COIL,1.399,609.9,0.0,0,ideal
205,?,R,0,0,?,S,3.0,0,?,?,?,?,?,?,?,?,?,SHEET,1.599,610.0,761.0,0,ruim
206,?,A,0,0,?,S,2.0,0,?,E,?,?,?,?,?,?,?,COIL,0.699,610.0,0.0,0,ruim
207,?,R,0,0,?,S,2.0,0,?,E,?,?,?,?,?,?,?,COIL,0.7,1220.0,0.0,0,ruim
208,?,A,0,45,?,S,?,0,?,D,?,?,?,?,?,?,?,SHEET,0.599,610.0,761.0,0,ruim
209,?,A,0,0,?,S,2.0,0,?,F,Y,?,?,?,?,?,?,SHEET,0.699,610.0,400.0,0,ruim
210,?,A,0,45,?,S,?,0,?,D,?,?,?,?,?,?,?,SHEET,1.6,1320.0,612.0,0,ruim
211,TN,?,0,0,?,A,1.0,0,?,?,?,?,?,?,?,?,?,SHEET,0.5,609.9,612.0,0,ruim
212,?,A,0,45,?,S,?,0,?,D,?,?,B,?,?,?,?,COIL,0.301,1320.0,0.0,0,ruim
213,?,K,65,0,?,?,?,0,?,?,?,?,M,?,?,?,?,COIL,3.2,640.0,0.0,500,mediano
214,?,A,0,0,?,S,3.0,0,N,F,?,?,B,Y,Y,?,?,SHEET,0.6,610.0,762.0,0,ruim
215,TN,A,0,0,?,?,3.0,0,N,?,?,?,?,?,?,Y,?,COIL,0.6,249.9,0.0,0,ideal
216,?,R,0,0,?,S,2.0,0,?,E,?,?,?,?,?,?,?,COIL,0.7,610.0,0.0,0,mediano
217,?,R,0,0,?,S,2.0,0,?,E,Y,?,?,Y,?,?,?,SHEET,3.2,1300.0,762.0,0,mediano
218,?,A,0,0,?,S,2.0,0,?,E,?,?,?,Y,?,?,?,SHEET,1.599,1320.0,762.0,0,ruim
219,?,A,0,60,T,?,?,0,N,G,?,?,?,?,?,?,?,COIL,1.9,1135.0,0.0,600,mediano
220,?,V,0,0,?,S,2.0,0,?,?,?,?,?,?,?,?,?,COIL,0.699,609.9,0.0,0,ruim
221,?,A,0,0,?,S,2.0,0,?,E,?,?,?,?,Y,?,?,COIL,0.699,610.0,0.0,0,ruim
222,?,R,0,0,?,S,3.0,0,?,?,?,?,?,Y,?,?,?,SHEET,0.8,1320.0,762.0,0,ruim
223,?,R,0,0,?,S,2.0,0,?,E,?,?,?,?,?,?,?,COIL,0.901,966.0,0.0,0,ruim
224,ZS,A,0,0,?,S,5.0,0,N,E,?,?,?,?,?,?,?,COIL,0.8,75.0,0.0,0,ruim
225,?,R,0,0,?,S,2.0,0,?,E,?,?,?,?,Y,?,?,SHEET,0.7,1320.0,762.0,0,ruim
226,ZS,A,0,50,T,?,?,0,?,E,Y,?,?,?,?,?,?,SHEET,0.601,1250.0,762.0,0,ideal
227,?,A,0,60,T,?,?,0,?,G,?,?,?,?,?,?,?,COIL,0.799,609.0,0.0,0,ideal
228,?,R,6,0,T,?,?,0,?,?,Y,?,?,?,?,?,?,SHEET,1.0,610.0,4880.0,0,ruim
229,ZS,A,0,50,T,?,?,0,?,E,Y,?,?,?,Y,?,?,COIL,0.6,20.0,0.0,0,ideal
230,?,K,45,0,?,?,?,0,?,?,?,?,?,?,?,?,?,COIL,0.6,900.0,0.0,0,mediano
231,?,R,6,0,T,?,?,0,?,?,?,?,?,?,?,?,?,SHEET,1.0,610.0,762.0,0,ideal
232,TN,?,0,0,?,A,1.0,0,?,?,?,?,?,?,?,Y,?,COIL,0.5,250.0,0.0,0,ruim
233,TN,A,0,0,?,?,3.0,0,N,?,?,?,?,?,?,?,?,COIL,0.6,50.0,0.0,0,mediano
234,?,W,0,0,?,?,?,310,?,G,Y,?,?,?,?,?,?,SHEET,2.5,1274.9,762.0,0,ideal
235,?,A,0,60,T,?,?,0,?,G,?,?,B,Y,Y,?,?,SHEET,0.801,255.1,270.0,0,ideal
236,?,R,0,0,?,S,2.0,0,?,?,?,?,B,?,?,?,?,SHEET,0.8,610.0,4880.0,0,mediano
237,?,A,0,0,?,S,3.0,0,N,E,?,?,?,?,?,?,?,COIL,0.6,20.0,0.0,0,ruim
238,?,A,0,0,?,S,2.0,0,?,G,?,?,?,?,?,?,?,COIL,0.7,1320.0,0.0,0,mediano
239,TN,?,0,0,?,A,1.0,0,?,?,?,?,?,?,?,?,?,COIL,1.6,610.0,0.0,0,ruim
240,?,A,0,0,?,S,2.0,0,?,F,?,?,?,?,?,?,?,SHEET,0.7,1220.0,4880.0,0,ruim
241,?,A,0,85,T,?,?,0,?,G,?,?,?,?,?,?,?,SHEET,0.3,1220.0,762.0,0,ideal
242,?,A,0,0,?,S,2.0,0,?,G,?,?,?,?,?,?,?,COIL,3.2,610.0,0.0,0,ruim
243,?,A,0,0,?,S,3.0,0,N,E,?,?,?,?,?,?,?,SHEET,0.601,610.0,762.0,0,ruim
244,?,R,0,0,?,S,2.0,0,?,E,?,?,?,?,Y,?,?,COIL,0.321,610.0,0.0,0,ruim
245,?,R,0,0,?,S,2.0,0,?,E,Y,?,?,?,?,?,?,COIL,0.699,610.0,0.0,0,mediano
246,?,R,0,0,?,S,2.0,0,?,E,Y,?,?,?,?,?,?,SHEET,3.2,150.0,4880.0,0,ruim
247,?,A,0,0,?,S,2.0,0,?,F,?,?,?,?,?,?,?,SHEET,0.7,1220.0,762.0,0,ruim
248,TN,?,0,0,?,A,1.0,0,?,?,?,?,?,?,?,?,?,COIL,0.6,250.0,0.0,0,ruim
249,?,A,0,85,T,?,?,0,?,G,?,?,?,?,?,?,?,COIL,3.2,1220.0,0.0,0,ideal
250,?,S,0,0,?,?,?,400,?,?,?,?,?,?,?,?,?,COIL,0.8,609.9,0.0,0,mediano
251,?,A,0,0,?,S,3.0,0,N,F,?,?,B,Y,Y,?,?,SHEET,1.2,610.0,4170.0,0,ruim
252,?,A,0,0,?,S,2.0,0,?,F,Y,?,B,Y,?,?,?,SHEET,0.699,1320.0,761.0,0,ruim
253,?,R,0,0,?,S,3.0,0,?,?,?,?,B,Y,?,?,?,SHEET,0.8,1320.0,4880.0,0,ruim
254,?,R,0,0,?,S,2.0,0,?,E,Y,?,?,?,?,?,?,SHEET,3.2,150.0,762.0,0,ruim
255,?,M,0,0,?,?,?,600,?,G,?,?,?,?,?,?,?,SHEET,1.299,1050.0,1220.0,0,ideal
256,?,A,0,0,?,S,2.0,0,?,G,Y,?,B,Y,?,?,?,SHEET,0.7,610.0,762.0,0,ruim
257,?,R,6,0,T,?,?,0,?,?,Y,?,?,?,?,?,?,COIL,1.2,1220.0,0.0,0,ideal
258,?,S,0,0,?,?,?,400,?,?,?,?,?,?,?,?,?,COIL,1.0,75.0,0.0,0,ideal
259,?,R,6,0,T,?,?,0,?,?,Y,?,?,?,?,?,?,SHEET,1.0,1320.0,762.0,0,ideal
260,?,A,0,70,T,?,?,0,?,G,?,?,?,?,?,?,?,COIL,2.5,610.0,0.0,600,mediano
261,?,R,0,0,?,S,2.0,0,?,?,?,?,?,?,?,?,?,SHEET,0.8,610.0,4880.0,0,ruim
262,?,R,0,0,?,S,3.0,0,?,E,?,?,?,?,?,?,?,SHEET,0.6,520.0,762.0,0,ruim
263,?,?,0,70,T,?,?,0,?,G,?,?,?,?,?,?,?,COIL,0.8,50.0,0.0,0,mediano
264,?,?,0,0,?,?,?,500,?,?,?,?,?,?,?,?,?,SHEET,2.0,610.0,762.0,0,ideal
265,TN,?,0,0,?,A,1.0,0,?,?,?,?,?,?,?,Y,?,SHEET,0.5,609.9,3000.0,0,ruim
266,?,?,0,0,?,S,1.0,0,?,G,?,?,?,?,?,?,?,COIL,0.7,610.0,0.0,0,ruim
267,?,R,0,0,?,S,2.0,0,?,E,Y,?,?,?,?,?,?,COIL,1.601,1320.0,0.0,0,ruim
268,?,R,0,0,?,S,2.0,0,?,E,?,?,?,?,Y,?,?,SHEET,0.301,610.0,762.0,0,ruim
269,?,R,0,0,?,S,2.0,0,?,?,?,?,?,?,?,?,?,SHEET,1.2,609.9,612.0,0,ruim
270,?,R,0,0,?,S,2.0,0,?,?,?,?,?,Y,?,?,?,SHEET,0.8,1500.0,4170.0,0,ruim
271,?,A,0,45,?,S,?,0,?,D,?,?,B,?,?,?,?,SHEET,0.7,1300.0,762.0,0,mediano
272,?,R,0,0,?,S,2.0,0,?,E,?,?,?,?,?,?,?,COIL,1.201,50.0,0.0,0,ruim
273,?,A,0,0,?,S,3.0,0,N,F,?,?,?,?,?,?,?,SHEET,0.75,610.0,4880.0,0,mediano
274,?,R,0,0,?,?,?,500,?,?,?,?,?,?,?,?,?,COIL,1.6,609.9,0.0,0,ideal
275,?,K,65,0,?,?,?,0,?,?,?,?,?,?,?,?,?,COIL,1.09,900.0,0.0,0,mediano
276,?,R,0,0,?,S,2.0,0,?,E,?,?,B,?,?,?,?,COIL,0.699,1320.0,0.0,0,mediano
277,?,R,0,0,?,S,2.0,0,?,E,Y,?,?,?,?,?,?,SHEET,0.7,150.0,762.0,0,ruim
278,?,K,55,0,?,?,?,0,?,?,?,Y,M,?,?,?,?,COIL,2.2,900.0,0.0,0,mediano
279,?,V,0,0,?,S,2.0,0,?,?,?,?,?,?,?,?,?,SHEET,0.7,610.0,4880.0,0,ruim
280,?,A,4,0,T,?,?,0,?,G,?,?,?,?,?,?,?,COIL,1.0,25.0,0.0,0,ideal
281,?,R,0,0,?,S,2.0,0,?,E,?,?,B,?,?,?,?,COIL,0.699,610.0,0.0,0,ruim
282,?,A,0,0,?,S,2.0,0,?,E,?,?,?,?,Y,?,?,COIL,0.7,610.0,0.0,0,mediano
283,?,V,0,0,?,S,2.0,0,?,?,?,?,?,?,?,?,?,SHEET,0.7,1320.0,762.0,0,ruim
284,?,R,0,0,?,S,2.0,0,?,E,?,?,?,?,?,?,?,SHEET,3.2,1320.0,4880.0,0,mediano
285,?,R,0,0,?,S,2.0,0,?,E,?,?,?,?,?,?,?,SHEET,0.699,1320.0,762.0,0,ruim
286,?,A,0,50,T,?,?,0,?,G,?,?,?,?,?,?,?,COIL,0.601,610.0,0.0,0,ideal
287,TN,A,0,0,?,?,3.0,0,N,?,?,?,?,?,?,?,?,SHEET,0.6,610.0,761.0,0,ideal
288,?,R,0,0,?,S,2.0,0,?,E,Y,?,?,?,?,?,?,COIL,3.2,610.0,0.0,0,ruim
289,?,K,65,0,?,?,?,0,?,?,?,Y,M,?,?,?,?,COIL,2.3,900.0,0.0,600,mediano
290,?,A,0,0,?,S,2.0,0,?,F,Y,?,?,?,?,?,?,SHEET,0.6,300.1,4880.0,0,ruim
291,?,A,0,0,?,S,2.0,0,?,F,Y,?,B,Y,?,?,?,SHEET,0.699,300.1,4880.0,0,ruim
292,?,R,0,0,?,S,2.0,0,?,E,?,?,M,?,?,?,?,COIL,4.0,610.0,0.0,600,mediano
293,ZS,A,0,85,T,?,?,0,?,E,?,Y,?,?,?,?,?,SHEET,0.4,1220.0,762.0,0,ideal
294,?,M,0,0,?,?,?,350,?,G,?,?,?,?,?,?,?,COIL,1.601,609.9,0.0,0,mediano
295,?,A,0,45,?,S,?,0,?,D,?,?,B,Y,?,?,?,SHEET,0.4,1220.0,300.0,0,ruim
296,ZS,R,0,0,?,S,3.0,0,?,E,?,?,?,?,?,?,?,COIL,1.6,1220.0,0.0,0,ruim
297,?,R,0,0,?,S,2.0,0,?,E,?,?,B,Y,?,?,?,SHEET,0.7,1300.0,762.0,0,ruim
298,TN,A,0,0,?,?,3.0,0,N,?,?,?,?,?,?,?,?,SHEET,1.6,1220.0,761.0,0,ideal
299,?,A,0,0,?,S,2.0,0,?,G,Y,?,B,?,?,?,?,COIL,0.4,610.0,0.0,0,ruim
300,?,A,0,45,?,S,?,0,?,D,?,?,B,?,?,?,?,SHEET,0.3,610.0,762.0,0,ruim
301,?,A,0,0,?,S,2.0,0,?,G,?,?,B,?,?,?,?,SHEET,0.7,610.0,4880.0,0,ruim
302,?,S,0,0,?,?,?,400,?,?,?,?,?,?,?,?,?,COIL,0.8,75.0,0.0,0,ideal
303,?,A,0,0,?,S,3.0,0,N,E,?,Y,?,?,?,?,?,COIL,2.5,1320.0,0.0,0,ruim
304,ZS,A,0,50,T,?,?,0,?,E,Y,?,?,?,?,?,?,SHEET,1.6,1250.0,4880.0,0,ideal
305,?,A,0,0,?,S,2.0,0,?,E,?,?,?,?,?,?,?,COIL,0.7,610.0,0.0,0,ruim
306,?,A,0,0,?,S,2.0,0,?,E,?,?,?,?,?,?,?,SHEET,0.7,1320.1,762.0,0,ruim
307,?,R,0,0,?,S,2.0,0,?,E,?,?,M,?,?,?,?,COIL,3.201,385.1,0.0,0,ruim
308,?,R,0,0,?,S,2.0,0,?,E,Y,?,?,?,?,?,?,SHEET,1.6,500.0,4880.0,0,ruim
309,?,?,0,0,?,A,2.0,0,?,G,?,?,?,?,?,?,?,SHEET,0.7,1320.0,4880.0,0,ruim
310,?,A,0,0,?,S,2.0,0,?,G,?,?,?,?,?,?,?,COIL,4.0,500.0,0.0,0,ruim
311,?,A,0,0,?,S,2.0,0,?,G,?,?,?,?,Y,?,?,COIL,0.4,609.9,0.0,0,ruim
312,?,R,0,0,?,S,3.0,0,?,?,?,?,?,?,?,?,?,SHEET,1.6,610.0,4170.0,0,ruim
313,?,A,0,45,?,S,?,0,?,D,?,?,B,Y,?,?,?,SHEET,1.6,1300.0,4880.0,0,ruim
314,?,R,0,0,?,S,2.0,0,?,E,?,?,?,?,?,?,?,COIL,3.2,50.0,0.0,0,ruim
315,?,A,0,80,T,?,?,0,?,G,?,?,?,?,Y,?,?,COIL,0.5,29.0,0.0,0,ideal
316,?,?,0,0,?,S,1.0,0,?,G,?,?,B,Y,?,?,?,SHEET,0.3,595.0,762.0,0,ruim
317,ZS,A,0,85,T,?,?,0,?,E,?,Y,?,?,Y,?,?,SHEET,1.2,1200.0,611.0,0,mediano
318,?,A,0,60,T,?,?,0,?,G,?,?,M,?,?,?,?,COIL,2.801,355.0,0.0,0,ideal
319,?,A,0,85,T,?,?,0,?,G,?,?,M,?,?,?,?,COIL,4.0,610.0,0.0,500,mediano
320,?,A,0,0,?,S,2.0,0,?,F,Y,?,?,?,?,?,?,SHEET,0.699,609.9,0.0,0,ruim
321,?,K,65,0,?,?,?,0,?,?,?,?,M,?,?,?,?,COIL,1.5,900.0,0.0,0,mediano
322,?,R,0,0,?,S,2.0,0,?,E,?,Y,M,?,?,?,?,COIL,4.0,1000.0,0.0,600,mediano
323,ZS,R,0,0,?,?,?,300,?,?,?,?,?,?,?,?,?,COIL,0.8,915.0,0.0,0,ideal
324,?,A,0,0,?,S,2.0,0,?,E,?,Y,?,?,?,?,?,COIL,0.7,610.0,0.0,0,ruim
325,?,A,0,85,T,?,?,0,?,G,?,?,M,?,?,?,?,COIL,3.201,610.0,0.0,600,mediano
326,?,A,0,0,?,S,3.0,0,N,F,?,?,?,?,?,?,?,SHEET,1.0,1320.0,762.0,0,ruim
327,?,R,0,0,?,S,2.0,0,?,E,?,?,B,?,?,?,?,COIL,0.4,1320.0,0.0,0,ruim
328,TN,A,0,0,?,?,3.0,0,N,?,?,?,?,?,?,Y,?,SHEET,1.6,610.0,762.0,0,ideal
329,ZS,A,0,85,T,?,?,0,?,E,?,Y,?,?,?,?,?,SHEET,0.4,1220.0,0.0,0,ideal
330,?,K,65,0,?,?,?,0,?,?,?,Y,M,?,?,?,?,COIL,3.2,900.0,0.0,500,mediano
331,TN,?,0,0,?,A,1.0,0,?,?,?,?,?,?,?,Y,?,SHEET,0.5,609.9,612.0,0,ruim
332,?,R,0,0,?,S,2.0,0,?,?,?,?,?,Y,?,?,?,SHEET,0.8,1320.0,4880.0,0,ruim
333,?,A,0,0,?,S,3.0,0,N,G,?,?,?,?,?,?,?,COIL,2.5,1320.0,0.0,0,ruim
334,?,A,0,0,?,S,3.0,0,N,E,?,?,?,?,Y,?,?,COIL,0.8,900.1,0.0,0,ruim
335,?,R,0,0,?,S,2.0,0,?,E,?,?,M,?,?,?,?,COIL,4.0,385.1,0.0,0,ruim
336,?,?,0,0,?,S,1.0,0,?,G,?,?,B,Y,?,?,?,SHEET,0.699,1300.0,762.0,0,mediano
337,?,A,0,0,?,S,2.0,0,?,F,Y,?,B,Y,?,?,?,SHEET,0.6,610.0,4880.0,0,mediano
338,?,A,0,0,?,S,3.0,0,N,E,?,?,B,Y,Y,?,?,SHEET,0.7,375.0,612.0,0,ruim
339,?,?,0,0,?,S,1.0,0,?,G,?,?,?,?,Y,?,?,SHEET,0.4,610.0,762.0,0,ruim
340,?,A,0,0,?,S,2.0,0,?,E,?,?,?,?,?,?,?,COIL,0.3,1320.0,0.0,0,ruim
341,?,R,0,0,?,S,2.0,0,?,E,?,?,?,?,?,?,?,COIL,3.2,610.0,0.0,0,ruim
342,?,A,0,85,T,?,?,0,?,G,?,?,?,?,?,?,?,COIL,1.201,1220.0,0.0,0,ideal
343,?,A,0,45,?,S,?,0,?,D,?,?,?,?,?,?,?,SHEET,0.7,1320.0,762.0,0,mediano
344,?,R,0,0,?,S,2.0,0,?,?,Y,?,?,?,?,?,?,COIL,0.8,610.0,0.0,0,ruim
345,?,A,0,45,?,S,?,0,?,D,?,?,?,?,?,?,?,COIL,0.699,610.0,0.0,0,ruim
346,?,K,65,0,?,?,?,0,?,?,?,?,?,?,?,?,?,COIL,1.09,610.0,0.0,0,mediano
347,?,A,0,45,?,S,?,0,?,D,?,?,B,?,?,?,?,SHEET,0.3,610.0,4880.0,0,ruim
348,?,A,0,0,?,S,3.0,0,N,E,?,?,B,Y,Y,?,?,SHEET,1.2,609.9,612.0,0,ruim
349,?,K,65,0,?,?,?,0,?,?,?,?,?,?,?,?,?,COIL,0.6,900.0,0.0,0,mediano
350,?,R,0,0,?,S,2.0,0,?,?,?,?,?,?,?,?,?,SHEET,2.0,1500.0,612.0,0,ruim
351,?,V,0,0,?,S,2.0,0,?,?,?,?,?,?,?,?,?,COIL,0.8,20.0,0.0,0,mediano
352,?,K,45,0,?,?,?,0,?,?,?,?,?,?,?,?,?,COIL,0.6,900.0,0.0,0,mediano
353,?,A,0,0,?,S,2.0,0,?,F,Y,?,B,Y,?,?,?,SHEET,0.999,1220.0,4880.0,0,ruim
354,?,R,0,0,?,S,2.0,0,?,E,?,?,?,Y,?,?,?,SHEET,1.599,1320.0,4880.0,0,ruim
355,?,R,0,0,?,S,2.0,0,?,?,?,?,?,Y,?,?,?,SHEET,2.0,610.0,612.0,0,mediano
356,?,R,6,0,T,?,?,0,?,?,?,?,?,?,?,?,?,SHEET,0.6,610.0,762.0,0,ideal
357,?,A,0,0,?,S,2.0,0,?,F,Y,?,?,Y,?,?,?,SHEET,0.6,609.9,762.0,0,ruim
358,?,M,0,0,?,?,?,350,?,G,?,Y,?,?,?,?,?,COIL,0.9,610.0,0.0,0,mediano
359,?,R,0,0,?,S,2.0,0,?,?,?,Y,?,?,?,?,?,SHEET,1.599,610.0,4880.0,0,ruim
360,ZS,A,0,50,T,?,?,0,?,E,?,?,?,?,?,?,?,COIL,0.4,1320.0,0.0,0,ideal
361,?,R,0,0,?,S,2.0,0,?,?,?,?,?,?,?,?,?,SHEET,1.2,335.0,612.0,0,ruim
362,?,S,0,0,?,?,?,700,?,?,?,?,?,?,?,?,?,COIL,1.0,609.9,0.0,0,ideal
363,?,M,0,0,?,?,?,600,?,G,?,?,?,?,?,?,?,SHEET,0.9,1050.0,1220.0,0,ideal
364,?,A,0,0,?,S,3.0,0,N,E,?,?,?,?,?,?,?,COIL,1.201,75.0,0.0,0,mediano
365,?,M,0,0,?,?,?,600,?,G,?,?,?,?,?,?,?,COIL,1.3,1090.0,0.0,0,mediano
366,?,A,0,0,?,S,2.0,0,?,E,?,?,?,?,Y,?,?,COIL,0.7,20.0,0.0,0,ruim
367,?,?,0,0,?,?,?,500,?,?,?,?,?,?,?,?,B,SHEET,2.0,609.9,301.0,0,ideal
368,?,A,0,85,T,?,?,0,?,G,?,?,?,?,?,?,?,COIL,1.201,610.0,0.0,0,ideal
369,TN,?,0,0,?,A,1.0,0,?,?,?,?,?,?,?,Y,?,COIL,0.799,249.9,0.0,0,ruim
370,?,A,0,0,?,S,2.0,0,?,E,?,?,?,Y,?,?,?,SHEET,0.3,610.0,762.0,0,ruim
371,?,A,0,45,?,S,?,0,?,D,?,?,?,?,?,?,?,SHEET,0.599,1320.0,761.0,0,ruim
372,?,W,0,0,?,?,?,310,?,G,Y,?,?,?,?,?,?,SHEET,1.6,610.0,762.0,0,ideal
373,?,A,0,0,?,S,2.0,0,?,E,?,Y,?,?,?,?,?,COIL,0.699,1320.0,0.0,0,ruim
374,?,K,55,0,?,?,?,0,?,?,?,?,?,?,?,?,?,COIL,1.09,610.0,0.0,0,mediano
375,?,K,65,0,?,?,?,0,?,?,?,?,?,?,?,?,?,COIL,0.8,900.0,0.0,0,mediano
376,?,A,0,0,?,?,?,500,?,G,?,?,?,?,?,?,?,COIL,1.6,1320.0,0.0,0,mediano
377,?,V,0,0,?,S,2.0,0,?,?,?,?,?,?,?,?,?,SHEET,1.599,1320.0,762.0,0,ruim
378,?,A,0,0,?,S,2.0,0,?,E,Y,?,?,?,?,?,?,SHEET,3.2,1320.0,4880.0,0,ruim
379,?,?,0,0,?,A,2.0,0,?,G,?,?,?,?,Y,?,?,COIL,0.301,20.0,0.0,0,ruim
380,ZS,A,0,0,?,S,3.0,0,N,E,?,?,?,?,?,?,?,SHEET,0.7,335.0,612.0,0,mediano
381,?,A,0,45,?,S,?,0,?,D,?,?,B,Y,?,?,?,SHEET,0.699,1220.0,761.0,0,ruim
382,?,K,55,0,?,?,?,0,?,?,?,?,?,?,?,?,?,COIL,1.09,900.0,0.0,0,mediano
383,ZS,A,0,85,T,?,?,0,?,E,?,Y,?,?,Y,?,?,SHEET,1.2,600.0,150.0,0,ideal
384,?,A,0,0,?,S,2.0,0,?,G,?,?,?,?,?,?,?,SHEET,0.699,610.0,762.0,0,ruim
385,?,R,0,0,?,S,3.0,0,?,?,?,?,?,?,?,?,?,SHEET,1.6,831.9,881.0,0,ruim
386,ZS,R,0,0,?,A,2.0,0,?,G,?,?,?,?,?,?,?,COIL,0.699,20.0,0.0,0,ruim
387,?,A,0,0,?,S,2.0,0,?,E,?,?,?,?,Y,?,?,COIL,0.321,610.0,0.0,0,ruim
388,?,W,0,0,?,?,?,310,?,G,?,?,?,?,?,?,?,SHEET,0.8,1275.0,4880.0,0,ideal
389,?,A,0,0,?,S,2.0,0,?,F,Y,?,?,Y,?,?,?,SHEET,0.699,1220.0,4880.0,0,ruim
390,?,R,0,0,?,S,2.0,0,?,E,?,?,B,Y,?,?,?,SHEET,0.699,595.0,762.0,0,ruim
391,ZS,A,0,0,?,S,5.0,0,N,E,?,?,?,?,?,?,?,COIL,1.201,50.0,0.0,0,ruim
392,?,R,0,0,?,S,2.0,0,?,?,?,?,?,?,?,?,?,SHEET,1.2,335.0,3000.0,0,ruim
393,?,M,0,0,?,?,?,350,?,G,?,Y,M,?,?,?,?,COIL,1.4,1310.0,0.0,0,ideal
394,?,R,0,0,?,S,2.0,0,?,?,?,Y,?,?,?,?,?,SHEET,0.8,610.0,762.0,0,ruim
395,?,R,0,0,?,S,2.0,0,?,E,?,Y,M,?,?,?,?,COIL,4.0,610.0,0.0,600,mediano
396,TN,A,0,0,?,?,3.0,0,N,?,?,?,?,?,?,?,?,SHEET,0.5,610.0,762.0,0,ideal
397,?,A,0,60,T,?,?,0,?,G,?,?,?,?,?,?,?,COIL,2.8,610.0,0.0,600,mediano
398,?,A,0,0,?,S,2.0,0,?,G,?,?,B,?,?,?,?,COIL,0.799,1300.0,0.0,0,ruim
399,?,R,0,0,?,S,2.0,0,?,?,?,?,?,?,?,?,?,SHEET,1.6,1500.0,612.0,0,ruim
400,?,R,0,0,?,S,2.0,0,?,E,?,?,?,?,Y,?,?,SHEET,1.2,609.9,4170.0,0,ruim
401,?,A,0,0,?,S,2.0,0,?,E,?,?,?,?,?,?,?,COIL,3.201,152.0,0.0,0,ruim
402,?,A,0,0,?,S,2.0,0,?,G,?,?,?,?,?,?,?,SHEET,0.4,1320.0,4880.0,0,ruim
403,?,R,0,0,?,S,2.0,0,?,E,?,?,?,Y,?,?,?,SHEET,0.7,610.0,762.0,0,ruim
404,?,A,0,0,?,S,3.0,0,N,E,?,?,?,?,?,?,?,SHEET,1.0,1320.0,762.0,0,mediano
405,?,A,0,80,T,?,?,0,?,G,?,?,?,?,?,?,?,SHEET,1.6,1320.0,612.0,0,mediano
406,?,A,0,0,?,?,?,500,?,G,?,?,?,?,?,?,?,COIL,1.6,1525.0,0.0,0,ideal
407,?,R,0,0,?,S,3.0,0,?,?,?,?,?,?,?,?,?,SHEET,2.0,610.0,4170.0,0,ruim
408,?,?,0,0,?,S,1.0,0,?,G,?,?,?,?,?,?,?,COIL,0.799,20.0,0.0,0,ruim
409,?,R,0,0,?,S,2.0,0,?,?,?,?,B,Y,?,?,?,SHEET,0.8,1300.0,762.0,0,ruim
410,TN,A,0,0,?,?,3.0,0,N,?,?,?,?,?,?,Y,?,SHEET,0.6,610.0,300.0,0,ideal
411,TN,?,0,0,?,A,1.0,0,?,?,?,?,?,?,?,Y,?,COIL,1.6,610.0,0.0,0,ruim
412,?,A,0,0,?,S,2.0,0,?,E,Y,?,?,Y,?,?,?,SHEET,0.699,1320.0,762.0,0,ruim
413,?,A,0,70,T,?,?,0,?,G,?,Y,?,?,?,?,?,COIL,2.5,610.0,0.0,600,mediano
414,ZS,A,0,50,T,?,?,0,?,E,Y,?,?,?,Y,?,?,COIL,0.451,20.0,0.0,0,ideal
415,?,R,0,0,?,S,2.0,0,?,?,Y,?,?,?,?,?,?,SHEET,0.8,1500.0,4170.0,0,ruim
416,?,R,0,0,?,S,2.0,0,?,E,?,?,B,Y,?,?,?,SHEET,0.699,1320.0,761.0,0,ruim
417,?,A,0,0,?,S,2.0,0,?,E,?,?,?,?,?,?,?,SHEET,3.201,1320.0,4880.0,0,ruim
418,?,A,4,0,T,?,?,0,?,G,?,?,B,?,?,?,?,COIL,0.5,25.0,0.0,0,ideal
419,?,R,0,0,?,S,2.0,0,?,E,?,?,M,?,?,?,?,COIL,3.5,1000.0,0.0,600,mediano
420,?,A,0,0,?,S,2.0,0,?,F,Y,?,B,Y,?,?,?,SHEET,0.6,609.9,4880.0,0,ruim
421,?,A,0,70,T,?,?,0,?,G,?,?,?,?,?,?,?,COIL,0.8,50.0,0.0,0,ideal
422,?,R,0,0,?,S,2.0,0,?,E,Y,?,?,?,?,?,?,COIL,1.6,1320.0,0.0,0,mediano
423,?,?,0,0,?,S,1.0,0,?,G,?,?,?,?,Y,?,?,COIL,0.3,609.9,0.0,0,ruim
424,?,R,0,0,?,S,3.0,0,?,E,?,?,?,?,?,?,?,SHEET,1.6,609.9,612.0,0,ruim
425,?,A,0,0,?,S,3.0,0,N,F,?,?,B,Y,Y,?,?,SHEET,0.6,610.0,4170.0,0,ruim
426,?,A,0,50,T,?,?,0,?,G,?,?,?,?,?,?,?,COIL,3.2,610.0,0.0,0,ideal
427,?,A,0,70,T,?,?,0,?,G,?,?,?,?,?,?,?,COIL,0.6,610.0,0.0,0,ideal
428,?,A,0,45,?,S,?,0,?,D,?,?,?,?,?,?,?,COIL,0.7,1320.0,0.0,0,mediano
429,?,A,0,60,T,?,?,0,?,G,?,?,M,?,?,?,?,COIL,4.0,385.1,0.0,0,ideal
430,?,A,0,70,T,?,?,0,?,G,?,?,?,?,?,?,?,COIL,0.6,1320.0,0.0,600,mediano
431,?,K,45,0,?,?,?,0,?,?,?,Y,M,?,?,?,?,COIL,2.2,640.0,0.0,0,mediano
432,?,A,0,0,?,S,2.0,0,?,G,?,?,?,?,?,?,?,COIL,0.699,20.0,0.0,0,ruim
433,?,A,0,0,?,S,2.0,0,?,G,?,?,?,?,?,?,?,SHEET,1.2,609.9,614.0,0,ruim
434,?,A,0,0,?,S,3.0,0,N,E,?,?,?,?,?,?,?,SHEET,1.0,1320.0,4880.0,0,ruim
435,TN,A,0,0,?,S,3.0,0,N,?,?,?,?,?,?,?,?,COIL,1.2,609.9,0.0,0,ruim
436,?,K,65,0,?,?,?,0,?,?,?,?,?,?,?,?,?,COIL,1.0,610.0,0.0,0,mediano
437,?,K,55,0,?,?,?,0,?,?,?,Y,M,?,?,?,?,COIL,1.5,900.0,0.0,0,mediano
438,?,K,45,0,?,?,?,0,?,?,?,?,?,?,?,?,?,COIL,3.2,900.0,0.0,0,mediano
439,?,A,0,0,?,S,2.0,0,?,E,?,?,?,?,?,?,?,SHEET,0.699,610.0,762.0,0,ruim
440,ZS,R,0,0,?,A,2.0,0,?,G,?,?,?,?,?,?,?,COIL,0.699,609.9,0.0,0,ruim
441,ZS,A,0,0,?,S,3.0,0,N,E,?,?,?,?,?,?,?,COIL,0.699,610.0,0.0,0,ruim
442,?,R,0,0,?,S,2.0,0,?,E,Y,?,?,?,?,?,?,SHEET,0.3,1320.0,762.0,0,ruim
443,?,W,0,0,?,?,?,310,?,G,?,?,?,?,?,?,?,SHEET,2.501,1275.0,4880.0,0,ideal
444,ZS,A,0,85,T,?,?,0,?,E,?,Y,?,?,?,?,?,SHEET,1.0,1220.0,762.0,0,mediano
445,?,A,0,45,?,S,?,0,?,D,?,?,?,?,?,?,?,SHEET,0.7,610.0,759.0,0,ruim
446,?,A,0,45,?,S,?,0,?,D,?,?,?,?,?,?,?,SHEET,0.7,609.9,3000.0,0,mediano
447,?,A,0,85,T,?,?,0,?,G,?,?,?,?,?,?,?,SHEET,3.2,200.1,4880.0,0,ideal
448,?,A,0,0,?,S,2.0,0,?,E,?,?,?,?,?,?,?,COIL,0.4,609.9,0.0,0,ruim
449,TN,A,0,0,?,?,3.0,0,N,?,?,?,?,?,?,Y,?,SHEET,0.6,335.0,3000.0,0,ideal
450,ZS,A,0,50,T,?,?,0,?,E,?,?,B,?,?,?,?,SHEET,0.6,1250.0,4880.0,0,ideal
451,?,R,0,0,?,S,2.0,0,?,E,?,?,B,Y,Y,?,?,SHEET,0.7,1300.0,762.0,0,ruim
452,TN,A,0,0,?,?,3.0,0,N,?,?,?,?,?,?,?,?,SHEET,0.6,610.0,612.0,0,ideal
453,?,R,0,0,?,S,2.0,0,?,E,Y,?,?,?,?,?,?,SHEET,3.2,610.0,4880.0,0,ruim
454,?,A,0,0,?,S,3.0,0,N,E,?,?,?,?,?,?,?,COIL,0.6,609.0,0.0,0,ruim
455,ZS,A,0,85,T,?,?,0,?,E,?,Y,?,?,Y,?,?,SHEET,1.2,1200.0,150.0,0,ideal
456,?,A,0,85,T,?,?,0,?,G,?,?,?,?,?,?,?,COIL,1.2,609.9,0.0,0,ideal
457,?,R,0,0,?,S,2.0,0,?,?,?,?,B,?,?,?,?,SHEET,1.599,1300.0,4880.0,0,ruim
458,?,A,0,0,?,S,2.0,0,?,E,?,?,B,?,?,?,?,COIL,0.699,20.0,0.0,0,ruim
459,?,R,0,0,?,S,2.0,0,?,E,?,?,?,?,?,?,?,COIL,0.699,1320.0,0.0,0,mediano
460,?,?,0,0,?,S,1.0,0,?,G,?,?,B,Y,?,?,?,SHEET,0.3,1300.0,762.0,0,ruim
461,?,A,0,0,?,S,2.0,0,?,F,Y,?,B,?,?,?,?,SHEET,0.6,520.0,4880.0,0,ruim
462,?,A,0,0,?,S,2.0,0,?,G,?,Y,?,?,?,?,?,COIL,0.3,610.0,0.0,0,ruim
463,?,A,0,0,?,S,2.0,0,?,F,Y,?,?,?,?,?,?,SHEET,0.6,610.0,4880.0,0,ruim
464,?,A,0,0,?,S,2.0,0,?,E,?,?,?,Y,?,?,?,SHEET,0.7,610.0,762.0,0,ruim
465,?,A,0,0,?,S,3.0,0,N,E,?,?,?,?,?,?,?,SHEET,0.601,610.0,4880.0,0,ruim
466,TN,?,0,0,?,A,1.0,0,?,?,?,?,?,?,?,?,?,SHEET,1.6,610.0,762.0,0,ruim
467,?,A,0,0,?,S,2.0,0,?,E,?,?,?,?,Y,?,?,COIL,0.6,609.9,0.0,0,ruim
468,?,A,0,45,?,S,?,0,?,D,?,?,?,?,?,?,?,SHEET,0.3,519.9,762.0,0,ruim
469,?,R,0,0,?,S,3.0,0,?,E,?,?,?,?,?,?,?,COIL,1.0,75.0,0.0,0,mediano
470,?,K,55,0,?,?,?,0,?,?,?,?,M,?,?,?,?,COIL,2.3,900.0,0.0,500,mediano
471,?,A,0,0,?,S,2.0,0,?,E,?,?,?,?,?,?,?,SHEET,0.3,610.0,4880.0,0,ruim
472,?,A,0,60,T,?,?,0,?,G,?,?,B,Y,Y,?,?,SHEET,0.8,356.1,762.0,0,ideal
473,?,R,0,0,?,S,2.0,0,?,?,?,Y,?,?,?,?,?,SHEET,0.8,1300.0,4880.0,0,mediano
474,?,A,0,85,T,?,?,0,?,G,?,?,?,?,?,?,?,COIL,3.201,190.0,0.0,0,mediano
475,?,W,0,0,?,?,?,310,?,G,?,?,?,?,?,?,?,COIL,2.501,600.1,0.0,0,ideal
476,?,A,0,0,?,S,2.0,0,?,F,Y,?,?,?,?,?,?,SHEET,0.999,610.0,762.0,0,ruim
477,TN,A,0,0,?,?,3.0,0,N,?,?,?,?,?,?,Y,?,COIL,1.2,609.9,0.0,0,ideal
478,?,A,0,60,T,?,?,0,?,G,?,?,?,?,?,?,?,COIL,0.799,609.9,0.0,0,ideal
479,?,R,0,0,?,S,2.0,0,?,E,?,?,B,Y,?,?,?,SHEET,0.699,610.0,150.0,0,ruim
480,?,V,0,0,?,S,2.0,0,?,?,?,?,?,?,?,?,?,COIL,0.7,1320.0,0.0,0,ruim
481,?,K,45,0,?,?,?,0,?,?,?,Y,M,?,?,?,?,COIL,1.5,640.0,0.0,0,mediano
482,?,A,0,0,?,?,?,500,?,G,?,?,?,?,?,?,?,COIL,1.6,610.0,0.0,0,ideal
483,?,R,0,0,?,S,2.0,0,?,E,Y,?,?,?,?,?,?,SHEET,3.2,1320.0,762.0,0,ruim
484,?,?,0,0,?,S,1.0,0,?,G,?,?,B,Y,?,?,?,SHEET,0.301,500.0,4120.0,0,ruim
485,?,?,0,45,?,S,?,0,?,E,?,?,?,?,Y,?,?,SHEET,0.7,1320.0,762.0,0,ruim
486,?,R,0,0,?,S,2.0,0,?,?,?,?,?,Y,?,?,?,SHEET,2.0,610.0,4170.0,0,ruim
487,?,K,65,0,?,?,?,0,?,?,?,?,?,?,?,?,?,COIL,1.0,610.0,0.0,0,mediano
488,?,K,65,0,?,?,?,0,?,?,?,?,M,?,?,?,?,COIL,2.3,640.0,0.0,500,mediano
489,?,R,0,0,?,S,2.0,0,?,?,?,?,?,Y,?,?,?,SHEET,1.6,610.0,612.0,0,ruim
490,?,R,0,0,?,S,3.0,0,?,?,?,?,?,?,?,?,?,SHEET,0.8,610.0,762.0,0,ruim
491,?,A,0,0,?,S,2.0,0,?,F,?,?,?,?,?,?,?,SHEET,0.6,520.0,762.0,0,mediano
492,TN,A,0,0,?,?,3.0,0,N,?,?,?,B,?,?,?,?,COIL,1.6,600.1,0.0,0,ideal
493,?,R,0,0,?,S,2.0,0,?,E,Y,?,B,Y,?,?,?,SHEET,1.601,610.0,762.0,0,ruim
494,?,R,0,0,?,S,2.0,0,?,E,?,?,?,Y,?,?,?,SHEET,0.7,1320.0,762.0,0,ruim
495,TN,A,0,0,?,?,3.0,0,N,?,?,?,?,?,?,?,?,SHEET,1.6,1220.0,612.0,0,ideal
496,?,A,0,45,?,S,?,0,?,D,Y,?,?,?,?,?,?,SHEET,0.699,610.0,4880.0,0,ruim
497,?,A,0,0,?,S,2.0,0,?,F,Y,?,B,?,?,?,?,SHEET,0.6,609.9,762.0,0,mediano
498,ZS,A,0,0,?,S,5.0,0,N,E,?,?,?,?,?,?,?,COIL,0.7,20.0,0.0,0,ruim
499,?,R,0,0,?,S,2.0,0,?,?,?,?,?,?,?,?,?,COIL,0.8,1320.0,0.0,0,ruim
500,?,R,0,0,?,S,2.0,0,?,E,Y,?,?,?,?,?,?,COIL,0.8,609.9,0.0,0,ruim
501,?,A,0,0,?,S,3.0,0,N,E,?,?,?,?,?,?,?,COIL,0.601,610.0,0.0,0,ruim
502,?,R,0,0,?,S,2.0,0,?,?,?,?,?,?,?,?,?,SHEET,0.8,610.0,762.0,0,ruim
503,?,W,0,0,?,?,?,310,?,G,?,?,?,?,?,?,?,SHEET,1.599,1275.0,762.0,0,ideal
504,?,?,0,0,?,S,1.0,0,?,G,?,?,?,?,Y,?,?,SHEET,0.4,1220.0,4170.0,0,ruim
505,ZS,A,0,0,?,S,3.0,0,N,E,?,?,?,?,?,?,?,COIL,0.799,20.0,0.0,0,ruim
506,?,R,6,0,T,?,?,0,?,?,?,?,?,?,?,?,?,SHEET,1.0,1320.0,762.0,0,ideal
507,?,R,0,0,?,S,2.0,0,?,E,?,?,B,Y,Y,?,?,SHEET,1.599,610.0,762.0,0,ruim
508,?,K,45,0,?,?,?,0,?,?,?,?,M,?,?,?,?,COIL,3.2,900.0,0.0,600,mediano
509,?,A,0,0,?,S,2.0,0,?,E,?,?,?,?,?,?,?,COIL,0.301,610.0,0.0,0,mediano
510,TN,A,0,0,?,?,3.0,0,N,?,?,?,?,?,?,?,?,SHEET,0.6,609.9,1.0,0,ideal
511,?,A,0,0,?,S,3.0,0,N,E,?,?,B,Y,Y,?,?,SHEET,0.7,609.9,612.0,0,ruim
512,ZS,A,0,50,T,?,?,0,?,E,Y,?,?,?,?,?,?,COIL,0.3,610.0,0.0,0,ideal
513,?,R,0,0,?,S,2.0,0,?,E,Y,?,B,Y,?,?,?,SHEET,1.599,1300.0,762.0,0,ruim
514,?,A,0,0,?,S,2.0,0,?,G,Y,?,B,Y,?,?,?,SHEET,0.7,610.0,4880.0,0,ruim
515,?,A,0,0,?,S,2.0,0,?,E,?,?,?,?,Y,?,?,COIL,1.2,599.9,0.0,0,ruim
516,?,A,0,60,T,?,?,0,?,G,?,?,B,Y,Y,?,?,SHEET,0.8,356.1,4880.0,0,ideal
517,?,R,0,0,?,S,2.0,0,?,E,Y,?,B,Y,?,?,?,SHEET,1.601,610.0,4880.0,0,ruim
518,ZS,A,0,85,T,?,?,0,?,E,?,Y,?,?,Y,?,?,SHEET,0.4,600.0,611.0,0,ideal
519,?,R,0,0,?,A,3.0,0,?,G,?,?,?,?,?,?,?,COIL,0.601,610.0,0.0,0,mediano
520,?,A,0,0,?,S,2.0,0,?,G,?,?,?,?,?,?,?,COIL,0.699,20.0,0.0,0,ruim
521,?,A,0,0,?,S,3.0,0,N,E,?,?,?,?,?,?,?,COIL,0.6,610.0,0.0,0,ruim
522,?,A,0,60,T,?,?,0,?,G,?,?,B,Y,Y,?,?,SHEET,0.801,356.0,762.0,0,ideal
523,?,W,0,0,?,?,?,310,?,G,?,?,?,?,?,?,?,SHEET,2.5,610.0,762.0,0,ideal
524,?,?,0,0,T,S,2.0,0,?,?,?,?,?,?,?,?,?,COIL,3.2,610.0,0.0,0,ruim
525,?,?,0,0,?,?,?,500,?,?,?,?,?,?,?,?,?,SHEET,2.0,300.1,301.0,0,ideal
526,?,A,0,0,?,S,3.0,0,N,G,?,?,?,?,?,?,?,COIL,1.0,1320.0,0.0,0,ruim
527,?,?,0,0,?,?,?,500,?,?,?,?,?,?,?,?,?,SHEET,1.6,610.0,762.0,0,ideal
528,?,A,0,0,?,S,2.0,0,?,F,Y,?,B,Y,?,?,?,SHEET,0.6,1320.0,301.0,0,ruim
529,?,A,0,0,?,S,2.0,0,?,E,?,?,?,?,?,?,?,COIL,3.2,609.9,0.0,0,ruim
530,?,A,0,45,?,S,?,0,?,D,?,?,?,?,?,?,?,COIL,0.7,610.0,0.0,0,ruim
531,?,A,0,85,T,?,?,0,?,G,?,?,?,?,?,?,?,COIL,1.001,609.9,0.0,0,ideal
532,?,A,0,0,?,S,2.0,0,?,F,Y,?,?,Y,?,?,?,SHEET,0.699,519.0,762.0,0,ruim
533,?,R,0,0,?,S,2.0,0,?,E,?,?,B,Y,Y,?,?,SHEET,1.599,610.0,4170.0,0,ruim
534,?,A,0,0,?,S,2.0,0,?,E,?,?,B,?,?,?,?,SHEET,0.7,609.9,4880.0,0,ruim
535,?,?,0,50,T,?,?,0,?,G,?,?,?,?,?,?,?,COIL,0.6,610.0,0.0,0,mediano
536,?,A,0,0,?,S,2.0,0,?,E,?,?,?,Y,?,?,?,SHEET,0.7,1320.0,762.0,0,ruim
537,?,R,0,0,?,S,3.0,0,?,?,?,?,?,?,?,?,?,SHEET,0.8,1320.0,761.0,0,ruim
538,?,R,0,0,?,S,2.0,0,?,E,?,?,?,?,Y,?,?,COIL,0.7,1220.0,0.0,0,ruim
539,?,A,0,0,?,S,2.0,0,?,F,Y,?,B,?,?,?,?,SHEET,0.6,520.0,762.0,0,ruim
540,?,A,0,45,?,S,?,0,?,D,?,?,B,?,?,?,?,SHEET,0.3,1320.0,762.0,0,ruim
541,?,A,0,0,?,S,2.0,0,?,G,?,?,?,?,?,?,?,COIL,3.201,0.0,0.0,0,ruim
542,ZS,R,0,0,?,A,2.0,0,?,G,?,?,?,?,?,?,?,COIL,0.699,1250.0,0.0,0,ruim
543,?,K,55,0,?,?,?,0,?,?,?,Y,M,?,?,?,?,COIL,3.2,640.0,0.0,600,mediano
544,TN,?,0,0,?,A,1.0,0,?,?,?,?,?,?,?,Y,?,COIL,0.8,50.0,0.0,0,ruim
545,?,A,0,0,?,S,3.0,0,N,E,?,?,?,?,?,?,?,SHEET,1.0,610.0,762.0,0,ruim
546,TN,A,0,0,?,S,3.0,0,N,?,?,?,?,?,?,?,?,COIL,1.6,609.9,0.0,0,ruim
547,?,A,0,60,T,?,?,0,?,G,?,?,?,?,?,?,?,COIL,0.799,20.0,0.0,0,ideal
548,?,R,0,0,?,S,3.0,0,?,E,?,?,?,?,?,?,?,COIL,0.601,610.0,0.0,0,ruim
549,?,?,0,0,?,S,1.0,0,?,G,?,?,?,?,?,?,?,SHEET,0.3,1320.0,762.0,0,ruim
550,?,A,0,85,T,?,?,0,?,G,?,?,?,?,?,?,?,COIL,0.4,609.9,0.0,0,ideal
551,?,R,0,0,?,S,2.0,0,?,E,Y,?,B,Y,?,?,?,SHEET,0.7,610.0,762.0,0,ruim
552,?,A,0,0,?,S,2.0,0,?,G,?,?,?,?,?,?,?,COIL,0.699,609.9,0.0,0,mediano
553,?,A,0,80,T,?,?,0,?,G,?,?,?,?,Y,?,?,COIL,0.5,28.0,0.0,0,ideal
554,?,A,0,0,?,S,2.0,0,?,G,?,?,B,Y,Y,?,?,SHEET,0.7,610.0,4170.0,0,mediano
555,?,A,0,45,?,S,?,0,?,D,?,?,B,Y,?,?,?,SHEET,0.4,1220.0,761.0,0,ruim
556,?,R,0,0,?,S,2.0,0,?,E,?,?,B,Y,?,?,?,SHEET,0.4,610.0,150.0,0,mediano
557,?,R,0,0,?,S,2.0,0,?,E,?,?,?,?,?,?,?,SHEET,3.2,610.0,762.0,0,ruim
558,?,?,0,0,?,S,1.0,0,?,G,?,?,?,?,?,?,?,SHEET,0.3,610.0,761.0,0,ruim
559,?,A,0,85,T,?,?,0,?,G,?,?,M,?,?,?,?,COIL,4.0,1000.0,0.0,600,mediano
560,?,R,6,0,T,?,?,0,?,?,?,?,?,?,?,?,?,SHEET,1.0,610.0,4880.0,0,ruim
561,?,A,0,45,?,S,?,0,?,D,?,?,?,?,?,?,?,SHEET,1.6,610.0,4880.0,0,mediano
562,?,R,0,0,?,S,3.0,0,?,?,?,?,?,?,?,?,?,SHEET,0.8,609.9,762.0,0,ruim
563,?,A,0,50,T,?,?,0,?,G,?,Y,?,?,?,?,?,COIL,0.601,610.0,0.0,0,ideal
564,?,R,0,0,?,S,2.0,0,?,E,?,?,?,Y,?,?,?,SHEET,0.699,1320.0,762.0,0,ruim
565,?,A,0,60,T,?,?,0,?,G,?,?,?,?,?,?,?,COIL,4.0,50.0,0.0,0,ideal
566,?,W,0,0,?,?,?,310,?,G,?,?,?,?,?,?,?,SHEET,2.5,1274.9,762.0,0,mediano
567,?,A,0,0,?,S,2.0,0,?,F,Y,?,?,Y,?,?,?,SHEET,0.6,609.9,4880.0,0,ruim
568,?,A,0,45,?,S,?,0,?,D,?,?,?,?,?,?,?,SHEET,1.6,1320.0,759.0,0,ruim
569,?,A,0,0,?,S,2.0,0,?,E,Y,?,?,?,?,?,?,COIL,1.6,60.0,0.0,0,mediano
570,?,A,0,70,T,?,?,0,?,G,?,?,?,?,?,?,?,COIL,0.801,1320.0,0.0,600,mediano
571,?,R,0,0,?,S,2.0,0,?,?,?,?,?,?,?,?,?,COIL,1.599,610.0,0.0,0,mediano
572,?,?,0,0,?,S,1.0,0,?,G,?,?,?,?,Y,?,?,SHEET,0.3,1220.0,4170.0,0,mediano
573,?,R,0,0,?,S,2.0,0,?,E,Y,?,?,Y,?,?,?,SHEET,1.601,150.0,4880.0,0,ruim
574,?,A,0,60,T,?,?,0,?,G,?,Y,?,?,?,?,?,COIL,1.001,1320.0,0.0,500,mediano
575,?,A,0,0,?,S,2.0,0,?,E,Y,?,?,?,?,?,?,SHEET,0.3,1320.0,762.0,0,ruim
576,?,M,0,0,?,?,?,600,?,G,?,Y,?,?,?,?,?,SHEET,1.299,1050.0,1220.0,0,ideal
577,?,A,0,0,?,S,2.0,0,?,F,Y,?,B,Y,?,?,?,SHEET,0.6,300.1,4880.0,0,ruim
578,TN,A,0,0,?,?,3.0,0,N,?,?,?,B,?,?,Y,?,SHEET,0.6,1220.0,762.0,0,mediano
579,?,R,0,0,?,S,2.0,0,?,E,?,?,?,?,?,?,?,SHEET,0.699,610.0,761.0,0,mediano
580,?,?,0,0,?,S,1.0,0,?,G,?,?,?,?,?,?,?,SHEET,0.699,610.0,612.0,0,mediano
581,?,A,0,45,?,S,?,0,?,D,?,?,?,?,?,?,?,SHEET,0.699,1320.0,4880.0,0,ruim
582,ZS,A,0,0,?,S,5.0,0,N,E,?,?,?,?,?,?,?,COIL,1.2,610.0,0.0,0,ruim
583,?,W,0,0,?,?,?,310,?,G,?,?,?,?,?,?,?,SHEET,0.8,1275.0,762.0,0,mediano
584,?,R,0,0,?,S,2.0,0,?,E,?,?,B,Y,Y,?,?,SHEET,1.2,1320.0,611.0,0,ruim
585,?,R,0,0,?,S,3.0,0,?,?,?,?,?,?,?,?,?,SHEET,0.8,610.0,1.0,0,ruim
586,?,A,0,60,T,?,?,0,?,G,?,?,B,Y,Y,?,?,SHEET,0.8,255.0,270.0,0,ideal
587,?,A,8,0,?,S,?,0,?,G,?,?,?,?,?,?,?,COIL,0.699,20.0,0.0,0,ruim
588,?,A,0,0,?,S,2.0,0,?,F,Y,?,?,?,?,?,?,SHEET,0.6,520.0,0.0,0,ruim
589,?,A,0,45,?,S,?,0,?,D,?,?,B,Y,?,?,?,SHEET,0.4,610.0,300.0,0,ruim
590,?,A,0,45,?,S,?,0,?,D,?,?,?,?,?,?,?,COIL,0.4,610.0,0.0,0,ruim
591,?,M,0,0,?,?,?,600,?,G,?,Y,?,?,?,?,?,SHEET,0.9,610.0,3000.0,0,ideal
592,?,A,0,60,T,?,?,0,?,G,?,?,M,?,?,?,?,COIL,2.801,610.0,0.0,600,mediano
593,?,K,55,0,?,?,?,0,?,?,?,Y,M,?,?,?,?,COIL,2.3,900.0,0.0,600,mediano
594,?,R,6,0,T,?,?,0,?,?,Y,?,?,?,?,?,?,SHEET,0.6,1320.0,4880.0,0,mediano
595,TN,A,0,0,?,?,3.0,0,N,?,?,?,B,?,?,Y,?,SHEET,1.6,610.0,4880.0,0,ruim
596,?,R,0,0,?,S,2.0,0,?,E,?,?,?,?,Y,?,?,SHEET,1.2,610.0,4170.0,0,mediano
597,?,A,0,0,?,S,2.0,0,?,E,?,?,?,Y,?,?,?,SHEET,1.599,1320.0,4880.0,0,ruim
598,?,?,0,0,?,S,1.0,0,?,G,?,?,?,?,?,?,?,SHEET,0.3,374.9,762.0,0,ruim
599,TN,A,0,0,?,?,3.0,0,N,?,?,?,?,?,?,?,?,COIL,0.6,609.9,0.0,0,ideal
600,ZS,A,0,50,T,?,?,0,?,E,Y,?,B,?,?,?,?,SHEET,0.6,1250.0,4880.0,0,ideal
601,?,?,0,0,?,S,1.0,0,?,G,?,?,?,?,?,?,?,COIL,0.4,609.9,0.0,0,ruim
602,?,R,0,0,?,S,2.0,0,?,E,?,?,?,?,?,?,?,SHEET,0.699,610.0,4880.0,0,ruim
603,?,?,0,70,T,?,?,0,?,G,?,?,?,?,?,?,?,COIL,0.799,609.9,0.0,0,ideal
604,?,R,0,0,?,S,2.0,0,?,?,?,?,?,Y,?,?,?,SHEET,0.8,610.0,762.0,0,ruim
605,ZS,A,0,50,T,?,?,0,?,E,Y,?,?,?,?,?,?,SHEET,0.601,1250.0,4880.0,0,ideal
606,?,R,0,0,?,S,2.0,0,?,E,?,?,?,?,?,?,?,COIL,0.4,610.0,0.0,0,ruim
607,?,?,0,0,?,A,2.0,0,?,G,?,?,?,?,?,?,?,COIL,0.3,1320.0,0.0,0,ruim
608,?,A,0,85,T,?,?,0,?,G,?,?,?,?,Y,?,?,COIL,1.0,20.0,0.0,0,mediano
609,TN,A,0,0,?,?,3.0,0,N,?,?,?,?,?,?,Y,?,COIL,1.6,610.0,0.0,0,ideal
610,?,M,0,0,?,?,?,600,?,?,?,?,?,?,?,?,?,SHEET,2.0,1320.0,4880.0,0,mediano
611,?,A,0,45,?,S,?,0,?,D,Y,?,?,?,?,?,?,SHEET,0.699,1320.0,760.0,0,ruim
612,?,K,55,0,?,?,?,0,?,?,?,?,M,?,?,?,?,COIL,2.3,640.0,0.0,600,mediano
613,?,?,0,0,?,A,2.0,0,?,G,?,?,?,?,?,?,?,COIL,3.2,1320.0,0.0,0,ruim
614,?,?,0,50,T,?,?,0,?,G,?,?,?,?,?,?,?,COIL,1.201,610.0,0.0,0,ideal
615,?,A,0,0,?,S,2.0,0,?,E,Y,?,?,Y,?,?,?,SHEET,0.3,1320.0,4880.0,0,mediano
616,?,R,0,0,?,S,2.0,0,?,?,?,?,?,Y,?,?,?,SHEET,0.8,610.0,4880.0,0,ruim
617,ZS,A,0,0,?,S,5.0,0,N,E,?,?,?,?,?,?,?,COIL,0.7,609.9,0.0,0,ruim
618,?,R,0,0,?,S,2.0,0,?,E,?,?,B,Y,?,?,?,SHEET,0.4,1320.0,761.0,0,ruim
619,?,R,0,0,?,S,2.0,0,?,?,?,?,B,?,?,?,?,COIL,1.6,610.0,0.0,0,ruim
620,TN,A,0,0,?,?,3.0,0,N,?,?,?,?,?,?,Y,?,SHEET,1.6,1220.0,761.0,0,ideal
621,?,A,0,0,?,S,2.0,0,?,F,Y,?,?,?,?,?,?,SHEET,0.699,1220.0,4880.0,0,ruim
622,?,R,0,0,?,S,2.0,0,?,?,?,?,B,Y,?,?,?,SHEET,1.599,1525.0,4170.0,0,ruim
623,?,A,0,0,?,S,2.0,0,?,E,?,?,?,?,Y,?,?,COIL,1.6,610.0,0.0,0,ideal
624,?,R,6,0,T,?,?,0,?,?,?,?,?,?,?,?,?,COIL,0.5,610.0,0.0,0,ideal
625,?,A,0,0,?,S,2.0,0,?,G,?,?,?,?,?,?,?,COIL,0.3,610.0,0.0,0,ruim
626,?,A,0,0,?,S,2.0,0,?,E,Y,?,?,Y,?,?,?,SHEET,0.699,610.0,4880.0,0,ruim
627,?,R,0,0,?,S,2.0,0,?,E,?,?,?,?,?,?,?,COIL,0.3,610.0,0.0,0,ruim
628,?,A,0,60,T,?,?,0,?,G,?,?,?,?,?,?,?,COIL,0.801,1320.0,0.0,600,mediano
629,TN,A,0,0,?,?,3.0,0,N,?,?,?,B,?,?,Y,?,SHEET,1.6,610.0,762.0,0,ideal
630,ZS,A,0,50,T,?,?,0,?,E,Y,?,B,?,?,?,?,SHEET,0.451,610.0,762.0,0,mediano
631,?,?,0,50,T,?,?,0,?,G,?,Y,?,?,?,?,?,COIL,0.601,610.0,0.0,0,ideal
632,TN,A,0,0,?,?,3.0,0,N,?,?,?,?,?,?,?,?,COIL,0.6,609.9,0.0,0,ideal
633,?,R,0,0,?,S,3.0,0,?,?,?,?,B,Y,?,?,?,SHEET,1.599,1320.0,762.0,0,ruim
634,?,A,0,45,?,S,?,0,?,D,?,?,?,?,?,?,?,SHEET,0.3,610.0,761.0,0,ruim
635,?,A,0,0,?,S,2.0,0,?,E,Y,?,?,?,?,?,?,SHEET,0.3,610.0,762.0,0,ruim
636,?,R,0,0,?,S,2.0,0,?,E,?,?,B,Y,?,?,?,SHEET,0.4,1320.0,150.0,0,ruim
637,?,A,0,0,?,?,?,500,?,G,?,?,?,?,?,?,?,COIL,0.9,1320.0,0.0,0,ideal
638,?,A,0,70,T,?,?,0,?,G,?,Y,?,?,?,?,?,COIL,0.8,610.0,0.0,0,ideal
639,?,R,0,0,?,S,3.0,0,?,?,?,?,?,?,?,?,?,COIL,0.8,609.9,0.0,0,ruim
640,?,?,0,70,T,?,?,0,?,G,?,?,?,?,?,?,?,COIL,0.799,609.0,0.0,0,mediano
641,ZS,R,0,0,?,A,2.0,0,?,G,?,?,?,?,?,?,?,COIL,0.699,609.9,0.0,0,ruim
642,?,A,0,45,?,S,?,0,?,D,?,?,?,?,?,?,?,COIL,0.7,1320.0,0.0,0,ruim
643,ZS,A,0,50,T,?,?,0,?,E,Y,?,?,?,?,?,?,SHEET,0.4,1220.0,762.0,0,ideal
644,ZS,A,0,85,T,?,?,0,?,E,?,?,?,?,?,?,?,COIL,0.321,1220.0,0.0,0,ideal
645,?,W,0,0,?,?,?,310,?,G,?,?,?,?,?,?,?,SHEET,1.6,1274.9,4880.0,0,ideal
646,?,A,0,45,?,S,?,0,?,D,?,?,?,Y,?,?,?,SHEET,0.7,610.0,4880.0,0,ruim
647,?,A,0,0,?,S,2.0,0,?,E,Y,?,?,?,?,?,?,COIL,1.6,606.9,0.0,0,ruim
648,?,R,0,0,?,S,2.0,0,?,E,?,?,B,?,?,?,?,SHEET,0.7,609.9,762.0,0,ruim
649,?,A,0,45,?,S,?,0,?,D,?,?,?,?,?,?,?,COIL,0.699,610.0,0.0,0,ruim
650,?,R,0,0,?,S,3.0,0,?,?,?,?,?,?,?,?,?,COIL,0.8,20.0,0.0,0,ruim
651,?,K,55,0,?,?,?,0,?,?,?,?,?,?,?,?,?,COIL,1.0,900.0,0.0,0,mediano
652,?,?,0,0,?,?,?,500,?,?,?,?,?,?,?,?,B,SHEET,2.0,609.9,4880.0,0,ideal
653,?,R,0,0,?,S,2.0,0,?,E,?,?,B,Y,Y,?,?,SHEET,1.2,150.0,612.0,0,ruim
654,?,A,0,60,T,?,?,0,?,G,?,Y,?,?,?,?,?,COIL,0.6,610.0,0.0,0,ideal
655,?,S,70,0,?,?,?,0,?,?,?,?,?,?,?,?,?,SHEET,1.6,1320.0,762.0,0,mediano
656,?,?,0,50,T,?,?,0,?,G,?,?,?,?,?,?,?,COIL,1.201,1320.0,0.0,0,ideal
657,?,R,0,0,?,S,3.0,0,?,?,?,?,?,?,?,?,?,SHEET,1.6,1525.0,612.0,0,ruim
658,?,A,0,45,?,S,?,0,?,D,?,?,?,?,?,?,?,SHEET,0.3,150.0,4880.0,0,ruim
659,TN,A,0,0,?,?,3.0,0,N,?,?,?,?,?,?,?,?,SHEET,0.6,335.0,1.0,0,ideal
660,?,A,0,0,?,S,2.0,0,?,G,?,?,?,Y,?,?,?,SHEET,1.601,1300.0,762.0,0,ruim
661,?,R,0,0,?,S,2.0,0,?,E,Y,?,?,Y,?,?,?,SHEET,0.3,1320.0,762.0,0,ruim
662,?,R,0,0,?,S,3.0,0,?,E,?,?,?,?,?,?,?,SHEET,0.6,609.0,4880.0,0,ruim
663,?,R,0,0,?,S,2.0,0,?,E,?,?,B,?,Y,?,?,COIL,0.7,1220.0,0.0,0,ruim
664,?,R,0,0,?,S,2.0,0,?,?,?,?,?,?,?,?,?,COIL,1.599,609.9,0.0,0,mediano
665,?,?,0,0,?,S,1.0,0,?,G,?,?,B,Y,?,?,?,SHEET,0.3,595.0,4880.0,0,ruim
666,?,R,0,0,?,A,3.0,0,?,G,?,?,?,?,?,?,?,SHEET,0.7,1320.0,4880.0,0,ruim
667,?,R,0,0,?,S,2.0,0,?,E,Y,?,B,?,?,?,?,COIL,1.6,610.0,0.0,0,ruim
668,?,R,0,0,?,S,3.0,0,?,E,?,?,?,?,?,?,?,COIL,0.8,75.0,0.0,0,ruim
669,?,V,0,0,?,S,2.0,0,?,?,?,?,?,?,?,?,?,COIL,0.8,609.9,0.0,0,ruim
670,?,R,0,0,?,S,2.0,0,?,E,?,?,B,Y,Y,?,?,SHEET,0.7,150.0,612.0,0,mediano
671,?,R,0,0,?,S,2.0,0,?,E,?,?,?,?,?,?,?,SHEET,0.7,150.0,762.0,0,ruim
672,TN,A,0,0,?,?,3.0,0,N,?,?,?,?,?,?,?,?,SHEET,1.6,1220.0,762.0,0,mediano
673,?,R,0,0,?,A,3.0,0,?,G,?,?,?,?,?,?,?,COIL,0.6,1320.0,0.0,0,ruim
674,ZS,A,0,70,T,?,?,0,?,E,?,?,?,?,?,?,?,COIL,0.6,610.0,0.0,0,ideal
675,?,S,70,0,?,?,?,0,?,?,?,?,M,?,?,?,?,SHEET,2.5,610.0,4880.0,0,mediano
676,ZS,A,0,0,?,S,3.0,0,N,E,?,?,?,?,?,?,?,SHEET,1.2,609.9,4170.0,0,ruim
677,?,R,0,0,?,S,2.0,0,?,E,Y,?,?,?,?,?,?,SHEET,0.7,609.9,762.0,0,ruim
678,?,R,0,0,?,S,2.0,0,?,E,Y,?,B,?,?,?,?,SHEET,1.599,610.0,762.0,0,ruim
679,?,R,0,0,?,S,3.0,0,?,E,?,?,?,?,?,?,?,SHEET,0.601,609.9,612.0,0,mediano
680,?,R,0,0,?,S,2.0,0,?,E,?,?,?,?,?,?,?,SHEET,0.699,1320.0,4880.0,0,ruim
681,?,R,0,0,?,S,2.0,0,?,E,?,?,?,Y,Y,?,?,SHEET,1.2,610.0,4170.0,0,ruim
682,?,R,0,0,?,S,2.0,0,?,E,?,Y,?,?,?,?,?,COIL,0.4,610.0,0.0,0,ruim
683,?,A,0,45,?,S,?,0,?,D,?,?,B,Y,?,?,?,SHEET,0.7,610.0,4880.0,0,ruim
684,?,A,0,0,?,S,2.0,0,?,F,Y,?,B,Y,?,?,?,SHEET,0.7,1220.0,762.0,0,ruim
685,?,R,0,0,?,S,2.0,0,?,E,?,?,B,?,?,?,?,COIL,0.4,609.9,0.0,0,ruim
686,?,A,0,0,?,S,2.0,0,?,G,?,?,B,Y,Y,?,?,SHEET,0.7,1300.0,4170.0,0,ruim
687,TN,A,0,0,?,?,3.0,0,N,?,?,?,?,?,?,Y,?,COIL,0.8,50.0,0.0,0,ideal
688,?,K,65,0,?,?,?,0,?,?,?,?,?,?,?,?,?,COIL,1.1,610.0,0.0,0,mediano
689,?,R,0,0,?,S,2.0,0,?,?,Y,?,?,?,?,?,?,SHEET,2.0,1500.0,4170.0,0,mediano
690,?,R,0,0,?,S,2.0,0,?,E,Y,?,?,?,?,?,?,COIL,0.7,610.0,0.0,0,ruim
691,?,R,0,0,?,S,2.0,0,?,E,?,?,B,Y,Y,?,?,SHEET,1.2,609.9,4170.0,0,ruim
692,TN,A,0,0,?,?,3.0,0,N,?,?,?,?,?,?,?,?,SHEET,0.6,335.0,611.0,0,mediano
693,?,R,0,0,?,S,2.0,0,?,E,?,Y,?,?,?,?,?,SHEET,3.2,1300.0,4880.0,0,ruim
694,?,A,0,0,?,S,2.0,0,?,F,Y,?,?,Y,?,?,?,SHEET,0.6,610.0,4880.0,0,mediano
695,?,A,0,0,?,S,2.0,0,?,G,?,Y,?,?,?,?,?,SHEET,0.7,610.0,4880.0,0,ruim
696,?,A,0,0,?,S,2.0,0,?,E,?,?,?,?,?,?,C,COIL,0.699,610.0,0.0,0,mediano
697,?,?,0,0,?,S,1.0,0,?,G,?,?,?,?,?,?,?,SHEET,0.699,374.9,4880.0,0,ruim
698,?,R,0,0,?,S,3.0,0,?,?,?,?,B,Y,?,?,?,SHEET,1.599,1320.0,4880.0,0,ruim
699,?,A,0,0,?,S,2.0,0,?,E,?,?,?,Y,?,?,?,SHEET,0.3,610.0,4880.0,0,mediano
700,?,A,0,0,?,S,2.0,0,?,G,?,?,?,?,?,?,?,SHEET,0.4,610.0,762.0,0,ruim
701,?,R,0,0,?,S,2.0,0,?,E,?,?,B,Y,?,?,?,SHEET,0.699,375.0,612.0,0,ruim
702,?,?,0,0,?,S,1.0,0,?,G,?,?,?,?,?,?,?,COIL,0.3,20.0,0.0,0,ruim
703,?,A,0,0,?,S,2.0,0,?,E,?,?,B,?,?,?,?,COIL,0.4,610.0,0.0,0,ruim
704,?,A,0,45,?,S,?,0,?,D,?,?,B,?,?,?,?,SHEET,1.6,610.0,4880.0,0,ruim
705,?,R,0,0,?,S,2.0,0,?,E,Y,?,?,?,?,?,?,SHEET,1.601,1320.0,4880.0,0,ruim
706,?,A,0,0,?,S,2.0,0,?,E,?,?,?,?,?,?,?,COIL,3.201,609.9,0.0,0,ruim
707,?,K,45,0,?,?,?,0,?,?,?,?,M,?,?,?,?,COIL,2.3,900.0,0.0,600,mediano
708,?,R,0,0,?,S,2.0,0,?,E,?,?,?,Y,?,?,?,SHEET,3.2,150.0,762.0,0,mediano
709,TN,?,0,0,?,A,1.0,0,?,?,?,?,?,?,?,?,?,COIL,0.8,250.0,0.0,0,ruim
710,?,R,0,0,?,S,2.0,0,?,E,?,?,?,Y,?,?,?,SHEET,3.2,1300.0,4880.0,0,ruim
711,?,K,55,0,?,?,?,0,?,?,?,?,M,?,?,?,?,COIL,3.2,900.0,0.0,600,mediano
712,?,R,0,0,?,S,2.0,0,?,E,?,?,?,?,?,?,?,COIL,0.9,966.0,0.0,0,mediano
713,?,A,0,50,T,?,?,0,?,G,?,?,?,?,?,?,?,COIL,1.001,50.0,0.0,0,ideal
714,?,A,0,0,?,S,2.0,0,?,E,?,?,B,?,?,?,?,COIL,0.4,609.9,0.0,0,ruim
715,?,A,0,0,?,S,2.0,0,?,G,?,?,B,?,?,?,?,SHEET,3.2,610.0,4880.0,0,ruim
716,?,R,0,0,?,S,2.0,0,?,?,Y,?,?,?,?,?,?,SHEET,1.599,1500.0,4170.0,0,ruim
717,?,A,0,45,?,S,?,0,?,D,?,?,?,?,?,?,?,COIL,1.6,610.0,0.0,0,ruim
718,?,A,0,0,?,S,3.0,0,N,E,?,?,?,?,?,?,?,COIL,0.699,609.9,0.0,0,ruim
719,ZS,A,0,85,T,?,?,0,?,E,?,Y,?,?,?,?,?,SHEET,0.4,610.0,762.0,0,ideal
720,ZS,A,0,50,T,?,?,0,?,E,?,?,?,?,?,?,?,COIL,0.4,610.0,0.0,0,ideal
721,?,A,0,0,?,S,2.0,0,?,E,Y,?,?,?,?,?,?,COIL,0.699,1320.0,0.0,0,ruim
722,TN,?,0,0,?,A,1.0,0,?,?,?,?,?,?,?,?,?,COIL,0.8,50.0,0.0,0,ruim
723,?,?,0,0,?,?,?,500,?,?,?,?,?,?,?,?,B,SHEET,1.6,300.1,301.0,0,ideal
724,?,R,0,0,?,S,2.0,0,?,?,?,Y,?,?,?,?,?,SHEET,0.8,610.0,762.0,0,ruim
725,?,R,0,0,?,S,2.0,0,?,E,?,?,B,?,Y,?,?,SHEET,1.6,610.0,4170.0,0,ruim
726,ZS,A,0,0,?,S,5.0,0,N,E,?,?,?,?,?,?,?,SHEET,1.2,1250.0,762.0,0,ruim
727,?,A,0,0,?,S,2.0,0,?,F,Y,?,?,Y,?,?,?,SHEET,0.7,610.0,762.0,0,mediano
728,?,A,0,60,T,?,?,0,?,G,?,?,?,?,?,?,?,COIL,0.8,50.0,0.0,0,ideal
729,?,R,0,0,?,S,3.0,0,?,E,?,?,?,?,?,?,?,COIL,0.8,609.9,0.0,0,mediano
730,?,R,0,0,?,S,3.0,0,?,?,?,?,?,?,?,?,?,SHEET,1.601,831.9,881.0,0,ruim
731,?,R,0,0,?,S,2.0,0,?,E,?,?,B,Y,Y,?,?,SHEET,0.7,609.9,4170.0,0,mediano
732,?,A,0,0,?,S,2.0,0,?,G,?,?,M,?,?,?,?,COIL,4.0,385.1,0.0,0,ruim
733,?,?,0,50,T,?,?,0,?,G,?,?,?,?,?,?,?,COIL,0.601,1320.0,0.0,0,ideal
734,?,?,0,0,?,A,2.0,0,?,G,?,?,?,?,?,?,?,SHEET,0.301,1320.0,762.0,0,mediano
735,?,A,0,45,?,S,?,0,?,D,?,?,?,?,?,?,?,SHEET,1.2,150.0,3000.0,0,ruim
736,?,R,0,0,?,S,2.0,0,?,E,Y,?,B,Y,?,?,?,SHEET,1.6,1320.0,4880.0,0,ruim
737,?,?,0,70,T,?,?,0,?,G,?,?,?,?,?,?,?,COIL,0.6,609.9,0.0,0,ideal
738,TN,A,0,0,?,?,3.0,0,N,?,?,?,?,?,?,Y,?,SHEET,1.6,335.0,3000.0,0,ideal
739,?,R,0,0,?,S,2.0,0,?,E,?,?,?,Y,?,?,?,SHEET,0.699,1320.0,4880.0,0,ruim
740,?,A,0,0,?,S,2.0,0,?,F,Y,?,?,?,?,?,?,SHEET,0.699,1320.0,301.0,0,mediano
741,?,A,0,0,?,S,2.0,0,?,E,?,?,B,?,?,?,?,COIL,3.2,60.0,0.0,0,ruim
742,?,A,0,45,?,S,?,0,?,D,?,?,?,?,?,?,?,COIL,1.6,1320.0,0.0,0,mediano
743,TN,?,0,0,?,A,1.0,0,?,?,?,?,?,?,?,Y,?,SHEET,1.6,1220.0,762.0,0,ruim
744,?,A,0,60,T,?,?,0,?,G,?,?,?,?,?,?,?,COIL,0.6,1320.0,0.0,0,ideal
745,?,V,0,0,?,S,2.0,0,?,?,?,?,?,?,?,?,?,SHEET,3.2,1320.0,762.0,0,ruim
746,?,?,0,0,?,A,2.0,0,?,G,?,?,?,?,?,?,?,COIL,0.699,610.0,0.0,0,ruim
747,?,M,0,0,?,?,?,350,?,G,?,?,?,?,?,?,?,COIL,1.6,50.0,0.0,0,ideal
748,?,R,0,0,?,S,2.0,0,?,E,?,?,?,?,Y,?,?,SHEET,0.301,1220.0,4170.0,0,ruim
749,?,K,55,0,?,?,?,0,?,?,?,?,M,?,?,?,?,COIL,3.2,640.0,0.0,600,mediano
750,?,R,0,0,?,S,2.0,0,?,E,?,?,?,?,?,?,?,SHEET,0.4,375.0,612.0,0,ruim
751,?,R,0,0,?,S,2.0,0,?,E,?,?,?,?,?,?,?,COIL,0.4,1320.0,0.0,0,ruim
752,?,S,70,0,?,?,?,0,?,?,?,?,M,?,?,?,?,SHEET,2.5,610.0,762.0,0,mediano
753,?,A,0,85,T,?,?,0,?,G,?,?,?,?,?,?,?,COIL,3.2,610.0,0.0,0,ideal
754,?,K,65,0,?,?,?,0,?,?,?,Y,M,?,?,?,?,COIL,3.2,900.0,0.0,600,mediano
755,?,K,45,0,?,?,?,0,?,?,?,Y,M,?,?,?,?,COIL,2.2,900.0,0.0,0,mediano
756,?,A,0,0,?,S,3.0,0,N,G,?,?,?,?,?,?,?,COIL,1.001,610.0,0.0,0,mediano
757,?,?,0,0,?,S,1.0,0,?,G,?,?,?,?,?,?,?,SHEET,0.3,610.0,4880.0,0,ruim
758,?,R,0,0,?,S,2.0,0,?,E,Y,?,?,?,?,?,?,SHEET,1.601,610.0,762.0,0,ruim
759,?,A,0,0,?,S,3.0,0,N,F,?,?,?,?,?,?,?,SHEET,1.0,610.0,4880.0,0,ruim
760,?,A,0,0,?,S,2.0,0,?,F,Y,?,?,Y,?,?,?,SHEET,0.999,610.0,762.0,0,ruim
761,?,?,0,0,?,S,1.0,0,?,G,?,?,?,?,?,?,?,SHEET,0.699,0.0,762.0,0,ruim
762,?,R,0,0,?,S,2.0,0,?,E,?,?,?,?,?,?,?,SHEET,0.4,1320.0,4880.0,0,ruim
763,?,W,0,0,?,?,?,310,?,G,?,?,?,?,?,?,?,SHEET,0.8,610.0,762.0,0,ideal
764,?,?,0,0,?,A,2.0,0,?,G,?,?,?,?,?,?,?,COIL,0.7,610.0,0.0,0,ruim
765,?,R,0,0,?,S,3.0,0,?,E,?,?,?,?,?,?,?,SHEET,0.601,610.0,762.0,0,ruim
766,ZS,A,0,0,?,S,3.0,0,N,E,?,?,?,?,?,?,?,COIL,2.0,1250.0,0.0,0,ruim
767,?,R,0,0,?,S,2.0,0,?,E,?,?,?,?,?,?,?,SHEET,0.699,1320.0,761.0,0,mediano
768,?,A,0,0,?,S,2.0,0,?,G,Y,?,B,?,?,?,?,COIL,0.699,1320.0,0.0,0,ruim
769,ZS,A,0,0,?,S,3.0,0,N,E,?,?,?,?,?,?,?,SHEET,0.7,609.9,4170.0,0,ruim
770,?,R,0,0,?,S,3.0,0,?,E,?,?,?,?,?,?,?,SHEET,0.601,609.0,4880.0,0,ruim
771,?,M,0,0,?,?,?,600,?,G,?,Y,?,?,?,?,?,SHEET,0.9,1050.0,1220.0,0,ideal
772,?,A,0,0,?,S,2.0,0,?,E,?,?,?,?,?,?,?,SHEET,0.7,1525.0,762.0,0,ruim
773,?,R,0,0,?,S,2.0,0,?,E,?,?,?,?,?,?,?,COIL,3.2,609.9,0.0,0,ruim
774,?,A,0,0,?,S,2.0,0,?,E,?,?,?,?,Y,?,?,COIL,0.7,599.9,0.0,0,ruim
775,?,R,0,0,?,S,2.0,0,?,?,?,?,?,?,?,?,?,COIL,1.6,609.9,0.0,0,mediano
776,?,R,0,0,?,S,2.0,0,?,E,?,?,?,?,Y,?,?,SHEET,1.2,375.0,612.0,0,mediano
777,?,A,8,0,?,S,?,0,?,G,?,?,?,?,?,?,?,COIL,3.2,609.9,0.0,0,ruim
778,?,?,0,0,?,S,1.0,0,?,G,?,?,B,Y,?,?,?,SHEET,0.699,1300.0,4880.0,0,ruim
779,?,K,45,0,?,?,?,0,?,?,?,?,?,?,?,?,?,COIL,1.1,610.0,0.0,0,mediano
780,?,V,0,0,?,S,2.0,0,?,?,?,?,?,?,?,?,?,SHEET,0.8,609.9,762.0,0,ruim
781,?,A,0,0,?,S,2.0,0,?,E,?,Y,?,?,?,?,?,COIL,0.3,1320.0,0.0,0,ruim
782,ZS,A,0,85,T,?,?,0,?,E,?,Y,?,?,?,?,?,SHEET,0.8,610.0,4880.0,0,ideal
783,?,A,0,0,?,S,2.0,0,?,F,Y,?,B,Y,?,?,?,SHEET,0.6,520.0,0.0,0,ruim
784,?,A,0,80,T,?,?,0,?,G,?,?,?,?,?,?,?,SHEET,1.6,1320.0,4170.0,0,ideal
785,?,A,0,0,?,S,2.0,0,?,E,?,?,B,Y,?,?,?,SHEET,3.2,1320.0,762.0,0,ruim
786,ZS,A,0,0,?,S,5.0,0,N,E,?,?,?,?,?,?,?,COIL,1.0,609.9,0.0,0,mediano
787,?,A,0,45,?,S,?,0,?,D,?,?,B,?,?,?,?,COIL,0.699,610.0,0.0,0,ruim
788,?,W,0,0,?,?,?,310,?,G,?,?,?,?,?,?,?,SHEET,1.599,610.0,762.0,0,ideal
789,?,?,0,70,T,?,?,0,?,G,?,?,?,?,?,?,?,COIL,0.6,610.0,0.0,600,mediano
790,?,K,55,0,?,?,?,0,?,?,?,?,M,?,?,?,?,COIL,2.2,640.0,0.0,0,mediano
791,?,A,0,45,?,S,?,0,?,D,?,?,?,?,?,?,?,COIL,0.7,1320.0,0.0,0,ruim
792,?,A,0,0,?,S,2.0,0,?,F,Y,?,?,Y,?,?,?,SHEET,0.7,1220.0,762.0,0,ruim
793,?,R,0,0,?,S,3.0,0,?,?,?,?,?,?,?,?,?,SHEET,1.599,610.0,4880.0,0,ruim
794,?,?,0,0,?,S,1.0,0,?,G,?,?,?,?,Y,?,?,COIL,0.24,20.0,0.0,0,ruim
795,?,A,0,0,?,S,2.0,0,?,G,?,Y,?,?,?,?,?,COIL,0.3,1320.0,0.0,0,ruim
796,ZS,A,0,50,T,?,?,0,?,E,?,?,B,?,?,?,?,SHEET,0.451,1250.0,762.0,0,ideal
797,?,K,45,0,?,?,?,0,?,?,?,?,?,?,?,?,?,COIL,1.5,900.0,0.0,0,mediano
798,?,A,0,0,?,S,2.0,0,?,G,Y,?,B,Y,?,?,?,SHEET,1.599,1300.0,4880.0,0,ruim
799,?,R,0,0,?,S,2.0,0,?,E,?,?,?,Y,?,?,?,COIL,3.2,1320.0,0.0,0,mediano
800,?,K,45,0,?,?,?,0,?,?,?,Y,M,?,?,?,?,COIL,3.2,640.0,0.0,500,mediano
801,TN,A,0,0,?,?,3.0,0,N,?,?,?,B,?,?,Y,?,SHEET,1.6,609.9,3000.0,0,ideal
802,TN,?,0,0,?,A,1.0,0,?,?,?,?,?,?,?,Y,?,SHEET,1.6,609.9,612.0,0,mediano
803,?,R,0,0,?,S,2.0,0,?,?,?,?,?,Y,?,?,?,SHEET,1.6,1500.0,4170.0,0,mediano
804,TN,A,0,0,?,?,3.0,0,N,?,?,?,?,?,?,?,?,SHEET,1.2,609.9,1.0,0,ideal
805,?,R,0,0,?,S,3.0,0,?,?,?,?,?,?,?,?,?,SHEET,1.601,830.0,880.0,0,mediano
806,?,A,0,85,T,?,?,0,?,G,?,?,?,?,?,?,?,COIL,0.4,20.0,0.0,0,ideal
807,?,A,0,85,T,?,?,0,?,G,?,Y,M,?,?,?,?,COIL,4.0,610.0,0.0,500,mediano
